-- phpMyAdmin SQL Dump
-- version 4.0.4.1
-- http://www.phpmyadmin.net
--
-- โฮสต์: 127.0.0.1
-- เวลาในการสร้าง: 
-- เวอร์ชั่นของเซิร์ฟเวอร์: 5.0.51b-community-nt-log
-- รุ่นของ PHP: 5.2.6

SET SQL_MODE = "NO_AUTO_VALUE_ON_ZERO";
SET time_zone = "+00:00";


/*!40101 SET @OLD_CHARACTER_SET_CLIENT=@@CHARACTER_SET_CLIENT */;
/*!40101 SET @OLD_CHARACTER_SET_RESULTS=@@CHARACTER_SET_RESULTS */;
/*!40101 SET @OLD_COLLATION_CONNECTION=@@COLLATION_CONNECTION */;
/*!40101 SET NAMES utf8 */;

--
-- ฐานข้อมูล: `roomreserve`
--
CREATE DATABASE IF NOT EXISTS `roomreserve` DEFAULT CHARACTER SET utf8 COLLATE utf8_general_ci;
USE `roomreserve`;

-- --------------------------------------------------------

--
-- โครงสร้างตาราง `tb_article`
--

CREATE TABLE IF NOT EXISTS `tb_article` (
  `article_id` char(3) NOT NULL,
  `article_name` varchar(30) NOT NULL,
  `tb_article_type_id` char(2) NOT NULL,
  `fee_unit_hour` decimal(8,2) unsigned NOT NULL default '0.00' COMMENT 'rate หน่วยต่อช.ม.',
  `fee_unit_lump_sum` decimal(8,2) unsigned NOT NULL default '0.00' COMMENT 'rate เหมา ต่อหน่วย\n\nเช่นมีหน่วยพื้นฐาน(lump_sum_base_unit) 5 \n\nราคาพื้นฐาน=5*(this field)',
  `fee_over_unit_lump_sum` decimal(8,2) unsigned NOT NULL default '0.00' COMMENT 'rate เหมา ส่วนเกินจากหน่วยพื้นฐาน\nเช่น หน่วยพื้นฐาน=5\nจอง 7\n',
  PRIMARY KEY  (`article_id`),
  KEY `fk_tb_article_tb_article_type1_idx` (`tb_article_type_id`)
) ENGINE=InnoDB DEFAULT CHARSET=utf8 COMMENT='ตารางครุภัณฑ์/อุปกรณ์';

--
-- dump ตาราง `tb_article`
--

INSERT INTO `tb_article` (`article_id`, `article_name`, `tb_article_type_id`, `fee_unit_hour`, `fee_unit_lump_sum`, `fee_over_unit_lump_sum`) VALUES
('001', 'เครื่องเสียง', '02', '10.00', '10.00', '10.00'),
('002', 'เครื่องฉายภาพ', '01', '20.00', '20.00', '20.00'),
('003', 'จอรับภาพ', '01', '30.00', '30.00', '30.00'),
('004', 'ชุดรับแขก', '03', '40.00', '40.00', '40.00'),
('005', 'แท่นยืนบรรยาย', '03', '50.00', '50.00', '50.00');

-- --------------------------------------------------------

--
-- โครงสร้างตาราง `tb_article_type`
--

CREATE TABLE IF NOT EXISTS `tb_article_type` (
  `article_type_id` char(2) NOT NULL,
  `article_type_name` varchar(30) NOT NULL COMMENT 'ประเภทของ ครุภัณฑ์/อุปกรณ์',
  PRIMARY KEY  (`article_type_id`),
  UNIQUE KEY `article_type_name_UNIQUE` (`article_type_name`)
) ENGINE=InnoDB DEFAULT CHARSET=utf8;

--
-- dump ตาราง `tb_article_type`
--

INSERT INTO `tb_article_type` (`article_type_id`, `article_type_name`) VALUES
('04', 'eee'),
('01', 'ครุภัณฑ์คอมพิวเตอร์e'),
('03', 'ครุภัณฑ์สำนักงานpp'),
('02', 'ครุภัณฑ์ไฟฟ้าและวิทยุ');

-- --------------------------------------------------------

--
-- โครงสร้างตาราง `tb_auth_log`
--

CREATE TABLE IF NOT EXISTS `tb_auth_log` (
  `auth_log_id` char(7) NOT NULL,
  `tb_user_username` varchar(15) NOT NULL,
  `ip_address` varchar(15) NOT NULL,
  `login_on` datetime NOT NULL,
  PRIMARY KEY  (`auth_log_id`),
  KEY `fk_tb_auth_log_tb_user1_idx` (`tb_user_username`)
) ENGINE=InnoDB DEFAULT CHARSET=utf8;

--
-- dump ตาราง `tb_auth_log`
--

INSERT INTO `tb_auth_log` (`auth_log_id`, `tb_user_username`, `ip_address`, `login_on`) VALUES
('0000001', 'tuchapon', '127.0.0.1', '2014-01-06 13:32:10'),
('0000002', '04', '127.0.0.1', '2014-01-06 14:57:37'),
('0000003', '04', '127.0.0.1', '2014-01-06 15:02:11'),
('0000004', '03', '127.0.0.1', '2014-01-06 22:40:48'),
('0000005', 'tuchapon', '127.0.0.1', '2014-01-06 22:41:08'),
('0000006', 'tuchapon', '127.0.0.1', '2014-01-07 14:50:02'),
('0000007', 'tuchapon', '127.0.0.1', '2014-01-08 00:31:19'),
('0000008', 'qqqqq', '127.0.0.1', '2014-01-08 00:31:34'),
('0000009', 'tuchapon', '127.0.0.1', '2014-01-08 00:31:45'),
('0000010', 'tuchapon', '127.0.0.1', '2014-01-08 08:31:46'),
('0000011', 'tuchapon', '127.0.0.1', '2014-01-08 12:13:09'),
('0000012', 'tuchapon', '127.0.0.1', '2014-01-08 17:10:56'),
('0000013', 'tuchapon', '127.0.0.1', '2014-01-08 22:10:53'),
('0000014', 'qqqqq', '127.0.0.1', '2014-01-08 23:02:38'),
('0000015', 'tuchapon', '127.0.0.1', '2014-01-09 00:32:23'),
('0000016', '04', '127.0.0.1', '2014-01-09 00:33:24'),
('0000017', '02', '127.0.0.1', '2014-01-09 00:33:32'),
('0000018', '02', '127.0.0.1', '2014-01-09 00:37:15'),
('0000019', '04', '127.0.0.1', '2014-01-09 00:51:06'),
('0000020', 'tuchapon', '127.0.0.1', '2014-01-09 14:31:42'),
('0000021', 'tuchapon', '127.0.0.1', '2014-01-09 23:41:39'),
('0000022', 'tuchapon', '127.0.0.1', '2014-01-10 00:10:12'),
('0000023', '04', '127.0.0.1', '2014-01-11 04:56:48'),
('0000024', '04', '127.0.0.1', '2014-01-11 18:53:44'),
('0000025', '04', '127.0.0.1', '2014-01-12 01:33:18'),
('0000026', '04', '127.0.0.1', '2014-01-12 13:03:29'),
('0000027', '04', '127.0.0.1', '2014-01-12 18:00:35'),
('0000028', 'tuchapon', '127.0.0.1', '2014-01-12 20:55:26'),
('0000029', 'admin', '127.0.0.1', '2014-01-14 23:19:05'),
('0000030', 'admin', '127.0.0.1', '2014-01-15 11:48:20'),
('0000031', 'admin', '127.0.0.1', '2014-01-15 20:12:51'),
('0000032', 'admin', '127.0.0.1', '2014-01-16 02:25:14'),
('0000033', 'admin', '127.0.0.1', '2014-01-20 10:20:53'),
('0000034', 'admin', '127.0.0.1', '2014-01-20 23:32:30'),
('0000035', 'admin', '127.0.0.1', '2014-01-21 13:13:30'),
('0000036', 'admin', '127.0.0.1', '2014-01-21 16:48:01'),
('0000037', '04', '127.0.0.1', '2014-01-21 21:14:04'),
('0000038', '04', '127.0.0.1', '2014-01-21 21:14:39'),
('0000039', 'admin', '127.0.0.1', '2014-01-21 21:17:07'),
('0000040', 'admin', '127.0.0.1', '2014-01-21 23:26:08'),
('0000041', 'admin', '127.0.0.1', '2014-01-21 23:35:16'),
('0000042', 'admin', '127.0.0.1', '2014-01-21 23:36:28'),
('0000043', 'admin', '127.0.0.1', '2014-01-21 23:38:47');

-- --------------------------------------------------------

--
-- โครงสร้างตาราง `tb_condition`
--

CREATE TABLE IF NOT EXISTS `tb_condition` (
  `condition_id` char(1) NOT NULL,
  `condition` text,
  `last_modified_by` varchar(15) NOT NULL COMMENT 'ผู้แก้ไขล่าสุด',
  PRIMARY KEY  (`condition_id`),
  KEY `fk_tb_condition_tb_user1_idx` (`last_modified_by`)
) ENGINE=InnoDB DEFAULT CHARSET=utf8 COMMENT='เงื่อนไขของแต่ละห้อง';

--
-- dump ตาราง `tb_condition`
--

INSERT INTO `tb_condition` (`condition_id`, `condition`, `last_modified_by`) VALUES
('9', '&lt;div style=&quot;font-size: 100%; padding: 0.3em;&quot;&gt;&lt;strong&gt;ส่วนหนึ่งของพันธกิจเราคือ&lt;/strong&gt;:\r\n&lt;ul&gt;\r\n&lt;li&gt;&lt;strong&gt;เติมพลังและสร้างการมีส่วนร่วม&lt;/strong&gt;กับคนทั่วโลกเพื่อที่จะประมวลและพัฒนาเนื้อหาความรู้และเผยแพร่เนื้อหาดังกล่าวด้วยสัญญาอนุญาตเสรีหรือยกให้เป็นสาธารณสมบัติ&lt;/li&gt;\r\n&lt;li&gt;&lt;strong&gt;เผยแพร่&lt;/strong&gt;เนื้อหาที่ว่าอย่างมีประสิทธิภาพและทั่วถึงทั่วโลก โดยไม่คิดค่าใช้จ่าย&lt;/li&gt;\r\n&lt;/ul&gt;\r\n&lt;p&gt;&lt;br /&gt; &lt;strong&gt;คุณสามารถทำสิ่งต่อไปนี้ได้อย่างเสรี&lt;/strong&gt;&lt;/p&gt;\r\n&lt;ul&gt;\r\n&lt;li&gt;&lt;strong&gt;อ่านและพิมพ์&lt;/strong&gt;บทความและสื่อต่างๆ ของเราโดยไม่ต้องเสียค่าใช้จ่าย&lt;/li&gt;\r\n&lt;li&gt;&lt;strong&gt;แบ่งปันและทำซ้ำ&lt;/strong&gt;บทความและสื่อต่างๆ ของเราโดยสัญญาอนุญาตเสรีหรือสัญญาอนุญาตเปิด&lt;/li&gt;\r\n&lt;li&gt;&lt;strong&gt;เขียนและสร้างสรรค์ผลงาน&lt;/strong&gt;ในโครงการต่างๆ ของเรา&lt;/li&gt;\r\n&lt;/ul&gt;\r\n&lt;p&gt;&lt;br /&gt; &lt;strong&gt;ภายใต้เงื่อนไขดังต่อไปนี้&lt;/strong&gt;:&lt;/p&gt;\r\n&lt;ul&gt;\r\n&lt;li&gt;&lt;strong&gt;รับผิดชอบ&lt;/strong&gt; — คุณต้องรับผิดชอบต่อการแก้ไขของคุณ (เพราะเราเพียง&lt;em&gt;ดำรงไว้&lt;/em&gt;ซึ่งเนื้อหาของคุณ)&lt;/li&gt;\r\n&lt;li&gt;&lt;strong&gt;ประพฤติเยี่ยงอารยชน&lt;/strong&gt; — คุณต้องสนับสนุนสิ่งแวดล้อมที่เป็นอารยะและไม่คุกคามหรือก่อกวนผู้อื่น&lt;/li&gt;\r\n&lt;li&gt;&lt;strong&gt;ปฏิบัติตามกฎหมาย&lt;/strong&gt; — คุณต้องไม่ละเมิดลิขสิทธิ์หรือละเมิดกฎหมายอื่น&lt;/li&gt;\r\n&lt;li&gt;&lt;strong&gt;ไม่ทำลาย&lt;/strong&gt; — คุณต้องไม่ทำลายหรือสร้างความเสียหายแก่โครงสร้างพื้นฐานทางเทคโนโลยีของเรา&lt;/li&gt;\r\n&lt;li&gt;&lt;strong&gt;ข้อกำหนดการใช้งานและนโยบาย&lt;/strong&gt; — คุณตกลงที่จะปฏิบัติตามข้อกำหนดการใช้งานด้านล่างนี้รวมถึงนโยบายจำเพาะแต่ละโครงการเมื่อเข้าใช้หรือเข้าร่วมโครงการต่างๆ ของเรา&lt;/li&gt;\r\n&lt;/ul&gt;\r\n&lt;p&gt;&lt;br /&gt; &lt;strong&gt;ด้วยความเข้าใจว่า&lt;/strong&gt;:&lt;/p&gt;\r\n&lt;ul&gt;\r\n&lt;li&gt;&lt;strong&gt;คุณอนุญาตให้เผยแพร่งานของคุณโดยเสรี&lt;/strong&gt; — คุณต้องอนุญาตใช้งานที่คุณส่งเข้ามาด้วยสัญญาอนุญาตเสรีหรือสัญญาอนุญาตเปิด (เว้นแต่งานที่คุณส่งเข้ามาเป็นของสาธารณะ)&lt;/li&gt;\r\n&lt;li&gt;&lt;strong&gt;ไม่มีการให้คำแนะเป็นการเฉพาะ&lt;/strong&gt; — เนื้อหาในโครงการต่างๆ เป็นไปเพื่อให้ข้อมูล ความรู้ ข่าวสาร หรือสารสนเทศเป็นการทั่วไป มิอาจถือว่าเป็นการให้คำแนะนำ ชี้ชวน หรือชี้แนะอย่างมืออาชีพ&lt;/li&gt;\r\n&lt;/ul&gt;\r\n&lt;/div&gt;', 'admin');

-- --------------------------------------------------------

--
-- โครงสร้างตาราง `tb_department`
--

CREATE TABLE IF NOT EXISTS `tb_department` (
  `department_id` char(2) NOT NULL,
  `department_name` varchar(30) NOT NULL COMMENT 'สาขาวิชา \nสาขางาน',
  `checked` tinyint(1) NOT NULL default '0',
  PRIMARY KEY  (`department_id`),
  UNIQUE KEY `department_name_UNIQUE` (`department_name`)
) ENGINE=InnoDB DEFAULT CHARSET=utf8 COMMENT='สาขาวิชา \nสาขางาน';

--
-- dump ตาราง `tb_department`
--

INSERT INTO `tb_department` (`department_id`, `department_name`, `checked`) VALUES
('00', 'สาขาวิชา/งานอื่นๆ', 1),
('01', 'สาขาวิทยาการคอมพิวเตอร์', 1);

-- --------------------------------------------------------

--
-- โครงสร้างตาราง `tb_district`
--

CREATE TABLE IF NOT EXISTS `tb_district` (
  `district_id` char(4) NOT NULL,
  `district_name` varchar(45) NOT NULL,
  PRIMARY KEY  (`district_id`)
) ENGINE=InnoDB DEFAULT CHARSET=utf8;

--
-- dump ตาราง `tb_district`
--

INSERT INTO `tb_district` (`district_id`, `district_name`) VALUES
('1001', 'เขตพระนคร'),
('1002', 'เขตดุสิต'),
('1003', 'เขตหนองจอก'),
('1004', 'เขตบางรัก'),
('1005', 'เขตบางเขน'),
('1006', 'เขตบางกะปิ'),
('1007', 'เขตปทุมวัน'),
('1008', 'เขตป้อมปราบศัตรูพ่าย'),
('1009', 'เขตพระโขนง'),
('1010', 'เขตมีนบุรี'),
('1011', 'เขตลาดกระบัง'),
('1012', 'เขตยานนาวา'),
('1013', 'เขตสัมพันธวงศ์'),
('1014', 'เขตพญาไท'),
('1015', 'เขตธนบุรี'),
('1016', 'เขตบางกอกใหญ่'),
('1017', 'เขตห้วยขวาง'),
('1018', 'เขตคลองสาน'),
('1019', 'เขตตลิ่งชัน'),
('1020', 'เขตบางกอกน้อย'),
('1021', 'เขตบางขุนเทียน'),
('1022', 'เขตภาษีเจริญ'),
('1023', 'เขตหนองแขม'),
('1024', 'เขตราษฎร์บูรณะ'),
('1025', 'เขตบางพลัด'),
('1026', 'เขตดินแดง'),
('1027', 'เขตบึงกุ่ม'),
('1028', 'เขตสาทร'),
('1029', 'เขตบางซื่อ'),
('1030', 'เขตจตุจักร'),
('1031', 'เขตบางคอแหลม'),
('1032', 'เขตประเวศ'),
('1033', 'เขตคลองเตย'),
('1034', 'เขตสวนหลวง'),
('1035', 'เขตจอมทอง'),
('1036', 'เขตดอนเมือง'),
('1037', 'เขตราชเทวี'),
('1038', 'เขตลาดพร้าว'),
('1039', 'เขตวัฒนา'),
('1040', 'เขตบางแค'),
('1041', 'เขตหลักสี่'),
('1042', 'เขตสายไหม'),
('1043', 'เขตคันนายาว'),
('1044', 'เขตสะพานสูง'),
('1045', 'เขตวังทองหลาง'),
('1046', 'เขตคลองสามวา'),
('1047', 'เขตบางนา'),
('1048', 'เขตทวีวัฒนา'),
('1049', 'เขตทุ่งครุ'),
('1050', 'เขตบางบอน'),
('1101', 'เมืองสมุทรปราการ'),
('1102', 'บางบ่อ'),
('1103', 'บางพลี'),
('1104', 'พระประแดง'),
('1105', 'พระสมุทรเจดีย์'),
('1106', 'บางเสาธง'),
('1201', 'เมืองนนทบุรี'),
('1202', 'บางกรวย'),
('1203', 'บางใหญ่'),
('1204', 'บางบัวทอง'),
('1205', 'ไทรน้อย'),
('1206', 'ปากเกร็ด'),
('1301', 'เมืองปทุมธานี'),
('1302', 'คลองหลวง'),
('1303', 'ธัญบุรี'),
('1304', 'หนองเสือ'),
('1305', 'ลาดหลุมแก้ว'),
('1306', 'ลำลูกกา'),
('1307', 'สามโคก'),
('1401', 'พระนครศรีอยุธยา'),
('1402', 'ท่าเรือ'),
('1403', 'นครหลวง'),
('1404', 'บางไทร'),
('1405', 'บางบาล'),
('1406', 'บางปะอิน'),
('1407', 'บางปะหัน'),
('1408', 'ผักไห่'),
('1409', 'ภาชี'),
('1410', 'ลาดบัวหลวง'),
('1411', 'วังน้อย'),
('1412', 'เสนา'),
('1413', 'บางซ้าย'),
('1414', 'อุทัย'),
('1415', 'มหาราช'),
('1416', 'บ้านแพรก'),
('1501', 'เมืองอ่างทอง'),
('1502', 'ไชโย'),
('1503', 'ป่าโมก'),
('1504', 'โพธิ์ทอง'),
('1505', 'แสวงหา'),
('1506', 'วิเศษชัยชาญ'),
('1507', 'สามโก้'),
('1601', 'เมืองลพบุรี'),
('1602', 'พัฒนานิคม'),
('1603', 'โคกสำโรง'),
('1604', 'ชัยบาดาล'),
('1605', 'ท่าวุ้ง'),
('1606', 'บ้านหมี่'),
('1607', 'ท่าหลวง'),
('1608', 'สระโบสถ์'),
('1609', 'โคกเจริญ'),
('1610', 'ลำสนธิ'),
('1611', 'หนองม่วง'),
('1701', 'เมืองสิงห์บุรี'),
('1702', 'บางระจัน'),
('1703', 'ค่ายบางระจัน'),
('1704', 'พรหมบุรี'),
('1705', 'ท่าช้าง'),
('1706', 'อินทร์บุรี'),
('1801', 'เมืองชัยนาท'),
('1802', 'มโนรมย์'),
('1803', 'วัดสิงห์'),
('1804', 'สรรพยา'),
('1805', 'สรรคบุรี'),
('1806', 'หันคา'),
('1807', 'หนองมะโมง'),
('1808', 'เนินขาม'),
('1901', 'เมืองสระบุรี'),
('1902', 'แก่งคอย'),
('1903', 'หนองแค'),
('1904', 'วิหารแดง'),
('1905', 'หนองแซง'),
('1906', 'บ้านหมอ'),
('1907', 'ดอนพุด'),
('1908', 'หนองโดน'),
('1909', 'พระพุทธบาท'),
('1910', 'เสาไห้'),
('1911', 'มวกเหล็ก'),
('1912', 'วังม่วง'),
('1913', 'เฉลิมพระเกียรติ'),
('2001', 'เมืองชลบุรี'),
('2002', 'บ้านบึง'),
('2003', 'หนองใหญ่'),
('2004', 'บางละมุง'),
('2005', 'พานทอง'),
('2006', 'พนัสนิคม'),
('2007', 'ศรีราชา'),
('2009', 'สัตหีบ'),
('2010', 'บ่อทอง'),
('2011', 'เกาะจันทร์'),
('2101', 'เมืองระยอง'),
('2102', 'บ้านฉาง'),
('2103', 'แกลง'),
('2104', 'วังจันทร์'),
('2105', 'บ้านค่าย'),
('2106', 'ปลวกแดง'),
('2107', 'เขาชะเมา'),
('2108', 'นิคมพัฒนา'),
('2201', 'เมืองจันทบุรี'),
('2202', 'ขลุง'),
('2203', 'ท่าใหม่'),
('2204', 'โป่งน้ำร้อน'),
('2205', 'มะขาม'),
('2206', 'แหลมสิงห์'),
('2207', 'สอยดาว'),
('2208', 'แก่งหางแมว'),
('2209', 'นายายอาม'),
('2210', 'เขาคิชฌกูฏ'),
('2301', 'เมืองตราด'),
('2302', 'คลองใหญ่'),
('2303', 'เขาสมิง'),
('2304', 'บ่อไร่'),
('2305', 'แหลมงอบ'),
('2306', 'เกาะกูด'),
('2307', 'เกาะช้าง'),
('2401', 'เมืองฉะเชิงเทรา'),
('2402', 'บางคล้า'),
('2403', 'บางน้ำเปรี้ยว'),
('2404', 'บางปะกง'),
('2405', 'บ้านโพธิ์'),
('2406', 'พนมสารคาม'),
('2407', 'ราชสาส์น'),
('2408', 'สนามชัยเขต'),
('2409', 'แปลงยาว'),
('2410', 'ท่าตะเกียบ'),
('2411', 'คลองเขื่อน'),
('2501', 'เมืองปราจีนบุรี'),
('2502', 'กบินทร์บุรี'),
('2503', 'นาดี'),
('2506', 'บ้านสร้าง'),
('2507', 'ประจันตคาม'),
('2508', 'ศรีมหาโพธิ'),
('2509', 'ศรีมโหสถ'),
('2601', 'เมืองนครนายก'),
('2602', 'ปากพลี'),
('2603', 'บ้านนา'),
('2604', 'องครักษ์'),
('2701', 'เมืองสระแก้ว'),
('2702', 'คลองหาด'),
('2703', 'ตาพระยา'),
('2704', 'วังน้ำเย็น'),
('2705', 'วัฒนานคร'),
('2706', 'อรัญประเทศ'),
('2707', 'เขาฉกรรจ์'),
('2708', 'โคกสูง'),
('2709', 'วังสมบูรณ์'),
('3001', 'เมืองนครราชสีมา'),
('3002', 'ครบุรี'),
('3003', 'เสิงสาง'),
('3004', 'คง'),
('3005', 'บ้านเหลื่อม'),
('3006', 'จักราช'),
('3007', 'โชคชัย'),
('3008', 'ด่านขุนทด'),
('3009', 'โนนไทย'),
('3010', 'โนนสูง'),
('3011', 'ขามสะแกแสง'),
('3012', 'บัวใหญ่'),
('3013', 'ประทาย'),
('3014', 'ปักธงชัย'),
('3015', 'พิมาย'),
('3016', 'ห้วยแถลง'),
('3017', 'ชุมพวง'),
('3018', 'สูงเนิน'),
('3019', 'ขามทะเลสอ'),
('3020', 'สีคิ้ว'),
('3021', 'ปากช่อง'),
('3022', 'หนองบุญมาก'),
('3023', 'แก้งสนามนาง'),
('3024', 'โนนแดง'),
('3025', 'วังน้ำเขียว'),
('3026', 'เทพารักษ์'),
('3027', 'เมืองยาง'),
('3028', 'พระทองคำ'),
('3029', 'ลำทะเมนชัย'),
('3030', 'บัวลาย'),
('3031', 'สีดา'),
('3032', 'เฉลิมพระเกียรติ'),
('3101', 'เมืองบุรีรัมย์'),
('3102', 'คูเมือง'),
('3103', 'กระสัง'),
('3104', 'นางรอง'),
('3105', 'หนองกี่'),
('3106', 'ละหานทราย'),
('3107', 'ประโคนชัย'),
('3108', 'บ้านกรวด'),
('3109', 'พุทไธสง'),
('3110', 'ลำปลายมาศ'),
('3111', 'สตึก'),
('3112', 'ปะคำ'),
('3113', 'นาโพธิ์'),
('3114', 'หนองหงส์'),
('3115', 'พลับพลาชัย'),
('3116', 'ห้วยราช'),
('3117', 'โนนสุวรรณ'),
('3118', 'ชำนิ'),
('3119', 'บ้านใหม่ไชยพจน์'),
('3120', 'โนนดินแดง'),
('3121', 'บ้านด่าน'),
('3122', 'แคนดง'),
('3123', 'เฉลิมพระเกียรติ'),
('3201', 'เมืองสุรินทร์'),
('3202', 'ชุมพลบุรี'),
('3203', 'ท่าตูม'),
('3204', 'จอมพระ'),
('3205', 'ปราสาท'),
('3206', 'กาบเชิง'),
('3207', 'รัตนบุรี'),
('3208', 'สนม'),
('3209', 'ศีขรภูมิ'),
('3210', 'สังขะ'),
('3211', 'ลำดวน'),
('3212', 'สำโรงทาบ'),
('3213', 'บัวเชด'),
('3214', 'พนมดงรัก'),
('3215', 'ศรีณรงค์'),
('3216', 'เขวาสินรินทร์'),
('3217', 'โนนนารายณ์'),
('3301', 'เมืองศรีสะเกษ'),
('3302', 'ยางชุมน้อย'),
('3303', 'กันทรารมย์'),
('3304', 'กันทรลักษ์'),
('3305', 'ขุขันธ์'),
('3306', 'ไพรบึง'),
('3307', 'ปรางค์กู่'),
('3308', 'ขุนหาญ'),
('3309', 'ราษีไศล'),
('3310', 'อุทุมพรพิสัย'),
('3311', 'บึงบูรพ์'),
('3312', 'ห้วยทับทัน'),
('3313', 'โนนคูณ'),
('3314', 'ศรีรัตนะ'),
('3315', 'น้ำเกลี้ยง'),
('3316', 'วังหิน'),
('3317', 'ภูสิงห์'),
('3318', 'เมืองจันทร์'),
('3319', 'เบญจลักษ์'),
('3320', 'พยุห์'),
('3321', 'โพธิ์ศรีสุวรรณ'),
('3322', 'ศิลาลาด'),
('3401', 'เมืองอุบลราชธานี'),
('3402', 'ศรีเมืองใหม่'),
('3403', 'โขงเจียม'),
('3404', 'เขื่องใน'),
('3405', 'เขมราฐ'),
('3407', 'เดชอุดม'),
('3408', 'นาจะหลวย'),
('3409', 'น้ำยืน'),
('3410', 'บุณฑริก'),
('3411', 'ตระการพืชผล'),
('3412', 'กุดข้าวปุ้น'),
('3414', 'ม่วงสามสิบ'),
('3415', 'วารินชำราบ'),
('3419', 'พิบูลมังสาหาร'),
('3420', 'ตาลสุม'),
('3421', 'โพธิ์ไทร'),
('3422', 'สำโรง'),
('3424', 'ดอนมดแดง'),
('3425', 'สิรินธร'),
('3426', 'ทุ่งศรีอุดม'),
('3429', 'นาเยีย'),
('3430', 'นาตาล'),
('3431', 'เหล่าเสือโก้ก'),
('3432', 'สว่างวีระวงศ์'),
('3433', 'น้ำขุ่น'),
('3501', 'เมืองยโสธร'),
('3502', 'ทรายมูล'),
('3503', 'กุดชุม'),
('3504', 'คำเขื่อนแก้ว'),
('3505', 'ป่าติ้ว'),
('3506', 'มหาชนะชัย'),
('3507', 'ค้อวัง'),
('3508', 'เลิงนกทา'),
('3509', 'ไทยเจริญ'),
('3601', 'เมืองชัยภูมิ'),
('3602', 'บ้านเขว้า'),
('3603', 'คอนสวรรค์'),
('3604', 'เกษตรสมบูรณ์'),
('3605', 'หนองบัวแดง'),
('3606', 'จัตุรัส'),
('3607', 'บำเหน็จณรงค์'),
('3608', 'หนองบัวระเหว'),
('3609', 'เทพสถิต'),
('3610', 'ภูเขียว'),
('3611', 'บ้านแท่น'),
('3612', 'แก้งคร้อ'),
('3613', 'คอนสาร'),
('3614', 'ภักดีชุมพล'),
('3615', 'เนินสง่า'),
('3616', 'ซับใหญ่'),
('3701', 'เมืองอำนาจเจริญ'),
('3702', 'ชานุมาน'),
('3703', 'ปทุมราชวงศา'),
('3704', 'พนา'),
('3705', 'เสนางคนิคม'),
('3706', 'หัวตะพาน'),
('3707', 'ลืออำนาจ'),
('3803', 'บึงกาฬ'),
('3804', 'พรเจริญ'),
('3806', 'โซ่พิสัย'),
('3809', 'เซกา'),
('3810', 'ปากคาด'),
('3811', 'บึงโขงหลง'),
('3812', 'ศรีวิไล'),
('3813', 'บุ่งคล้า'),
('3901', 'เมืองหนองบัวลำภู'),
('3902', 'นากลาง'),
('3903', 'โนนสัง'),
('3904', 'ศรีบุญเรือง'),
('3905', 'สุวรรณคูหา'),
('3906', 'นาวัง'),
('4001', 'เมืองขอนแก่น'),
('4002', 'บ้านฝาง'),
('4003', 'พระยืน'),
('4004', 'หนองเรือ'),
('4005', 'ชุมแพ'),
('4006', 'สีชมพู'),
('4007', 'น้ำพอง'),
('4008', 'อุบลรัตน์'),
('4009', 'กระนวน'),
('4010', 'บ้านไผ่'),
('4011', 'เปือยน้อย'),
('4012', 'พล'),
('4013', 'แวงใหญ่'),
('4014', 'แวงน้อย'),
('4015', 'หนองสองห้อง'),
('4016', 'ภูเวียง'),
('4017', 'มัญจาคีรี'),
('4018', 'ชนบท'),
('4019', 'เขาสวนกวาง'),
('4020', 'ภูผาม่าน'),
('4021', 'ซำสูง'),
('4022', 'โคกโพธิ์ไชย'),
('4023', 'หนองนาคำ'),
('4024', 'บ้านแฮด'),
('4025', 'โนนศิลา'),
('4029', 'เวียงเก่า'),
('4101', 'เมืองอุดรธานี'),
('4102', 'กุดจับ'),
('4103', 'หนองวัวซอ'),
('4104', 'กุมภวาปี'),
('4105', 'โนนสะอาด'),
('4106', 'หนองหาน'),
('4107', 'ทุ่งฝน'),
('4108', 'ไชยวาน'),
('4109', 'ศรีธาตุ'),
('4110', 'วังสามหมอ'),
('4111', 'บ้านดุง'),
('4117', 'บ้านผือ'),
('4118', 'น้ำโสม'),
('4119', 'เพ็ญ'),
('4120', 'สร้างคอม'),
('4121', 'หนองแสง'),
('4122', 'นายูง'),
('4123', 'พิบูลย์รักษ์'),
('4124', 'กู่แก้ว'),
('4125', 'ประจักษ์ศิลปาคม'),
('4201', 'เมืองเลย'),
('4202', 'นาด้วง'),
('4203', 'เชียงคาน'),
('4204', 'ปากชม'),
('4205', 'ด่านซ้าย'),
('4206', 'นาแห้ว'),
('4207', 'ภูเรือ'),
('4208', 'ท่าลี่'),
('4209', 'วังสะพุง'),
('4210', 'ภูกระดึง'),
('4211', 'ภูหลวง'),
('4212', 'ผาขาว'),
('4213', 'เอราวัณ'),
('4214', 'หนองหิน'),
('4301', 'เมืองหนองคาย'),
('4302', 'ท่าบ่อ'),
('4305', 'โพนพิสัย'),
('4307', 'ศรีเชียงใหม่'),
('4308', 'สังคม'),
('4314', 'สระใคร'),
('4315', 'เฝ้าไร่'),
('4316', 'รัตนวาปี'),
('4317', 'โพธิ์ตาก'),
('4401', 'เมืองมหาสารคาม'),
('4402', 'แกดำ'),
('4403', 'โกสุมพิสัย'),
('4404', 'กันทรวิชัย'),
('4405', 'เชียงยืน'),
('4406', 'บรบือ'),
('4407', 'นาเชือก'),
('4408', 'พยัคฆภูมิพิสัย'),
('4409', 'วาปีปทุม'),
('4410', 'นาดูน'),
('4411', 'ยางสีสุราช'),
('4412', 'กุดรัง'),
('4413', 'ชื่นชม'),
('4501', 'เมืองร้อยเอ็ด'),
('4502', 'เกษตรวิสัย'),
('4503', 'ปทุมรัตต์'),
('4504', 'จตุรพักตรพิมาน'),
('4505', 'ธวัชบุรี'),
('4506', 'พนมไพร'),
('4507', 'โพนทอง'),
('4508', 'โพธิ์ชัย'),
('4509', 'หนองพอก'),
('4510', 'เสลภูมิ'),
('4511', 'สุวรรณภูมิ'),
('4512', 'เมืองสรวง'),
('4513', 'โพนทราย'),
('4514', 'อาจสามารถ'),
('4515', 'เมยวดี'),
('4516', 'ศรีสมเด็จ'),
('4517', 'จังหาร'),
('4518', 'เชียงขวัญ'),
('4519', 'หนองฮี'),
('4520', 'ทุ่งเขาหลวง'),
('4601', 'เมืองกาฬสินธุ์'),
('4602', 'นามน'),
('4603', 'กมลาไสย'),
('4604', 'ร่องคำ'),
('4605', 'กุฉินารายณ์'),
('4606', 'เขาวง'),
('4607', 'ยางตลาด'),
('4608', 'ห้วยเม็ก'),
('4609', 'สหัสขันธ์'),
('4610', 'คำม่วง'),
('4611', 'ท่าคันโท'),
('4612', 'หนองกุงศรี'),
('4613', 'สมเด็จ'),
('4614', 'ห้วยผึ้ง'),
('4615', 'สามชัย'),
('4616', 'นาคู'),
('4617', 'ดอนจาน'),
('4618', 'ฆ้องชัย'),
('4701', 'เมืองสกลนคร'),
('4702', 'กุสุมาลย์'),
('4703', 'กุดบาก'),
('4704', 'พรรณานิคม'),
('4705', 'พังโคน'),
('4706', 'วาริชภูมิ'),
('4707', 'นิคมน้ำอูน'),
('4708', 'วานรนิวาส'),
('4709', 'คำตากล้า'),
('4710', 'บ้านม่วง'),
('4711', 'อากาศอำนวย'),
('4712', 'สว่างแดนดิน'),
('4713', 'ส่องดาว'),
('4714', 'เต่างอย'),
('4715', 'โคกศรีสุพรรณ'),
('4716', 'เจริญศิลป์'),
('4717', 'โพนนาแก้ว'),
('4718', 'ภูพาน'),
('4801', 'เมืองนครพนม'),
('4802', 'ปลาปาก'),
('4803', 'ท่าอุเทน'),
('4804', 'บ้านแพง'),
('4805', 'ธาตุพนม'),
('4806', 'เรณูนคร'),
('4807', 'นาแก'),
('4808', 'ศรีสงคราม'),
('4809', 'นาหว้า'),
('4810', 'โพนสวรรค์'),
('4811', 'นาทม'),
('4812', 'วังยาง'),
('4901', 'เมืองมุกดาหาร'),
('4902', 'นิคมคำสร้อย'),
('4903', 'ดอนตาล'),
('4904', 'ดงหลวง'),
('4905', 'คำชะอี'),
('4906', 'หว้านใหญ่'),
('4907', 'หนองสูง'),
('5001', 'เมืองเชียงใหม่'),
('5002', 'จอมทอง'),
('5003', 'แม่แจ่ม'),
('5004', 'เชียงดาว'),
('5005', 'ดอยสะเก็ด'),
('5006', 'แม่แตง'),
('5007', 'แม่ริม'),
('5008', 'สะเมิง'),
('5009', 'ฝาง'),
('5010', 'แม่อาย'),
('5011', 'พร้าว'),
('5012', 'สันป่าตอง'),
('5013', 'สันกำแพง'),
('5014', 'สันทราย'),
('5015', 'หางดง'),
('5016', 'ฮอด'),
('5017', 'ดอยเต่า'),
('5018', 'อมก๋อย'),
('5019', 'สารภี'),
('5020', 'เวียงแหง'),
('5021', 'ไชยปราการ'),
('5022', 'แม่วาง'),
('5023', 'แม่ออน'),
('5024', 'ดอยหล่อ'),
('5025', 'กัลยาณิวัฒนา'),
('5101', 'เมืองลำพูน'),
('5102', 'แม่ทา'),
('5103', 'บ้านโฮ่ง'),
('5104', 'ลี้'),
('5105', 'ทุ่งหัวช้าง'),
('5106', 'ป่าซาง'),
('5107', 'บ้านธิ'),
('5108', 'เวียงหนองล่อง'),
('5201', 'เมืองลำปาง'),
('5202', 'แม่เมาะ'),
('5203', 'เกาะคา'),
('5204', 'เสริมงาม'),
('5205', 'งาว'),
('5206', 'แจ้ห่ม'),
('5207', 'วังเหนือ'),
('5208', 'เถิน'),
('5209', 'แม่พริก'),
('5210', 'แม่ทะ'),
('5211', 'สบปราบ'),
('5212', 'ห้างฉัตร'),
('5213', 'เมืองปาน'),
('5301', 'เมืองอุตรดิตถ์'),
('5302', 'ตรอน'),
('5303', 'ท่าปลา'),
('5304', 'น้ำปาด'),
('5305', 'ฟากท่า'),
('5306', 'บ้านโคก'),
('5307', 'พิชัย'),
('5308', 'ลับแล'),
('5309', 'ทองแสนขัน'),
('5401', 'เมืองแพร่'),
('5402', 'ร้องกวาง'),
('5403', 'ลอง'),
('5404', 'สูงเม่น'),
('5405', 'เด่นชัย'),
('5406', 'สอง'),
('5407', 'วังชิ้น'),
('5408', 'หนองม่วงไข่'),
('5501', 'เมืองน่าน'),
('5502', 'แม่จริม'),
('5503', 'บ้านหลวง'),
('5504', 'นาน้อย'),
('5505', 'ปัว'),
('5506', 'ท่าวังผา'),
('5507', 'เวียงสา'),
('5508', 'ทุ่งช้าง'),
('5509', 'เชียงกลาง'),
('5510', 'นาหมื่น'),
('5511', 'สันติสุข'),
('5512', 'บ่อเกลือ'),
('5513', 'สองแคว'),
('5514', 'ภูเพียง'),
('5515', 'เฉลิมพระเกียรติ'),
('5601', 'เมืองพะเยา'),
('5602', 'จุน'),
('5603', 'เชียงคำ'),
('5604', 'เชียงม่วน'),
('5605', 'ดอกคำใต้'),
('5606', 'ปง'),
('5607', 'แม่ใจ'),
('5608', 'ภูซาง'),
('5609', 'ภูกามยาว'),
('5701', 'เมืองเชียงราย'),
('5702', 'เวียงชัย'),
('5703', 'เชียงของ'),
('5704', 'เทิง'),
('5705', 'พาน'),
('5706', 'ป่าแดด'),
('5707', 'แม่จัน'),
('5708', 'เชียงแสน'),
('5709', 'แม่สาย'),
('5710', 'แม่สรวย'),
('5711', 'เวียงป่าเป้า'),
('5712', 'พญาเม็งราย'),
('5713', 'เวียงแก่น'),
('5714', 'ขุนตาล'),
('5715', 'แม่ฟ้าหลวง'),
('5716', 'แม่ลาว'),
('5717', 'เวียงเชียงรุ้ง'),
('5718', 'ดอยหลวง'),
('5801', 'เมืองแม่ฮ่องสอน'),
('5802', 'ขุนยวม'),
('5803', 'ปาย'),
('5804', 'แม่สะเรียง'),
('5805', 'แม่ลาน้อย'),
('5806', 'สบเมย'),
('5807', 'ปางมะผ้า'),
('6001', 'เมืองนครสวรรค์'),
('6002', 'โกรกพระ'),
('6003', 'ชุมแสง'),
('6004', 'หนองบัว'),
('6005', 'บรรพตพิสัย'),
('6006', 'เก้าเลี้ยว'),
('6007', 'ตาคลี'),
('6008', 'ท่าตะโก'),
('6009', 'ไพศาลี'),
('6010', 'พยุหะคีรี'),
('6011', 'ลาดยาว'),
('6012', 'ตากฟ้า'),
('6013', 'แม่วงก์'),
('6014', 'แม่เปิน'),
('6015', 'ชุมตาบง'),
('6101', 'เมืองอุทัยธานี'),
('6102', 'ทัพทัน'),
('6103', 'สว่างอารมณ์'),
('6104', 'หนองฉาง'),
('6105', 'หนองขาหย่าง'),
('6106', 'บ้านไร่'),
('6107', 'ลานสัก'),
('6108', 'ห้วยคต'),
('6201', 'เมืองกำแพงเพชร'),
('6202', 'ไทรงาม'),
('6203', 'คลองลาน'),
('6204', 'ขาณุวรลักษบุรี'),
('6205', 'คลองขลุง'),
('6206', 'พรานกระต่าย'),
('6207', 'ลานกระบือ'),
('6208', 'ทรายทองวัฒนา'),
('6209', 'ปางศิลาทอง'),
('6210', 'บึงสามัคคี'),
('6211', 'โกสัมพีนคร'),
('6301', 'เมืองตาก'),
('6302', 'บ้านตาก'),
('6303', 'สามเงา'),
('6304', 'แม่ระมาด'),
('6305', 'ท่าสองยาง'),
('6306', 'แม่สอด'),
('6307', 'พบพระ'),
('6308', 'อุ้มผาง'),
('6309', 'วังเจ้า'),
('6401', 'เมืองสุโขทัย'),
('6402', 'บ้านด่านลานหอย'),
('6403', 'คีรีมาศ'),
('6404', 'กงไกรลาศ'),
('6405', 'ศรีสัชนาลัย'),
('6406', 'ศรีสำโรง'),
('6407', 'สวรรคโลก'),
('6408', 'ศรีนคร'),
('6409', 'ทุ่งเสลี่ยม'),
('6501', 'เมืองพิษณุโลก'),
('6502', 'นครไทย'),
('6503', 'ชาติตระการ'),
('6504', 'บางระกำ'),
('6505', 'บางกระทุ่ม'),
('6506', 'พรหมพิราม'),
('6507', 'วัดโบสถ์'),
('6508', 'วังทอง'),
('6509', 'เนินมะปราง'),
('6601', 'เมืองพิจิตร'),
('6602', 'วังทรายพูน'),
('6603', 'โพธิ์ประทับช้าง'),
('6604', 'ตะพานหิน'),
('6605', 'บางมูลนาก'),
('6606', 'โพทะเล'),
('6607', 'สามง่าม'),
('6608', 'ทับคล้อ'),
('6609', 'สากเหล็ก'),
('6610', 'บึงนาราง'),
('6611', 'ดงเจริญ'),
('6612', 'วชิรบารมี'),
('6701', 'เมืองเพชรบูรณ์'),
('6702', 'ชนแดน'),
('6703', 'หล่มสัก'),
('6704', 'หล่มเก่า'),
('6705', 'วิเชียรบุรี'),
('6706', 'ศรีเทพ'),
('6707', 'หนองไผ่'),
('6708', 'บึงสามพัน'),
('6709', 'น้ำหนาว'),
('6710', 'วังโป่ง'),
('6711', 'เขาค้อ'),
('7001', 'เมือง'),
('7002', 'จอมบึง'),
('7003', 'สวนผึ้ง'),
('7004', 'ดำเนินสะดวก'),
('7005', 'บ้านโป่ง'),
('7006', 'บางแพ'),
('7007', 'โพธาราม'),
('7008', 'ปากท่อ'),
('7009', 'วัดเพลง'),
('7010', 'บ้านคา'),
('7101', 'เมืองกาญจนบุรี'),
('7102', 'ไทรโยค'),
('7103', 'บ่อพลอย'),
('7104', 'ศรีสวัสดิ์'),
('7105', 'ท่ามะกา'),
('7106', 'ท่าม่วง'),
('7107', 'ทองผาภูมิ'),
('7108', 'สังขละบุรี'),
('7109', 'พนมทวน'),
('7110', 'เลาขวัญ'),
('7111', 'ด่านมะขามเตี้ย'),
('7112', 'หนองปรือ'),
('7113', 'ห้วยกระเจา'),
('7201', 'เมืองสุพรรณบุรี'),
('7202', 'เดิมบางนางบวช'),
('7203', 'ด่านช้าง'),
('7204', 'บางปลาม้า'),
('7205', 'ศรีประจันต์'),
('7206', 'ดอนเจดีย์'),
('7207', 'สองพี่น้อง'),
('7208', 'สามชุก'),
('7209', 'อู่ทอง'),
('7210', 'หนองหญ้าไซ'),
('7301', 'เมืองนครปฐม'),
('7302', 'กำแพงแสน'),
('7303', 'นครชัยศรี'),
('7304', 'ดอนตูม'),
('7305', 'บางเลน'),
('7306', 'สามพราน'),
('7307', 'พุทธมณฑล'),
('7401', 'เมืองสมุทรสาคร'),
('7402', 'กระทุ่มแบน'),
('7403', 'บ้านแพ้ว'),
('7501', 'เมืองสมุทรสงคราม'),
('7502', 'บางคนที'),
('7503', 'อัมพวา'),
('7601', 'เมืองเพชรบุรี'),
('7602', 'เขาย้อย'),
('7603', 'หนองหญ้าปล้อง'),
('7604', 'ชะอำ'),
('7605', 'ท่ายาง'),
('7606', 'บ้านลาด'),
('7607', 'บ้านแหลม'),
('7608', 'แก่งกระจาน'),
('7701', 'เมืองประจวบคีรีขันธ์'),
('7702', 'กุยบุรี'),
('7703', 'ทับสะแก'),
('7704', 'บางสะพาน'),
('7705', 'บางสะพานน้อย'),
('7706', 'ปราณบุรี'),
('7707', 'หัวหิน'),
('7708', 'สามร้อยยอด'),
('8001', 'เมืองนครศรีธรรมราช'),
('8002', 'พรหมคีรี'),
('8003', 'ลานสกา'),
('8004', 'ฉวาง'),
('8005', 'พิปูน'),
('8006', 'เชียรใหญ่'),
('8007', 'ชะอวด'),
('8008', 'ท่าศาลา'),
('8009', 'ทุ่งสง'),
('8010', 'นาบอน'),
('8011', 'ทุ่งใหญ่'),
('8012', 'ปากพนัง'),
('8013', 'ร่อนพิบูลย์'),
('8014', 'สิชล'),
('8015', 'ขนอม'),
('8016', 'หัวไทร'),
('8017', 'บางขัน'),
('8018', 'ถ้ำพรรณรา'),
('8019', 'จุฬาภรณ์'),
('8020', 'พระพรหม'),
('8021', 'นบพิตำ'),
('8022', 'ช้างกลาง'),
('8023', 'เฉลิมพระเกียรติ'),
('8101', 'เมืองกระบี่'),
('8102', 'เขาพนม'),
('8103', 'เกาะลันตา'),
('8104', 'คลองท่อม'),
('8105', 'อ่าวลึก'),
('8106', 'ปลายพระยา'),
('8107', 'ลำทับ'),
('8108', 'เหนือคลอง'),
('8201', 'เมืองพังงา'),
('8202', 'เกาะยาว'),
('8203', 'กะปง'),
('8204', 'ตะกั่วทุ่ง'),
('8205', 'ตะกั่วป่า'),
('8206', 'คุระบุรี'),
('8207', 'ทับปุด'),
('8208', 'ท้ายเหมือง'),
('8301', 'เมืองภูเก็ต'),
('8302', 'กะทู้'),
('8303', 'ถลาง'),
('8401', 'เมืองสุราษฎร์ธานี'),
('8402', 'กาญจนดิษฐ์'),
('8403', 'ดอนสัก'),
('8405', 'เกาะพะงัน'),
('8406', 'ไชยา'),
('8407', 'ท่าชนะ'),
('8408', 'คีรีรัฐนิคม'),
('8409', 'บ้านตาขุน'),
('8410', 'พนม'),
('8411', 'ท่าฉาง'),
('8412', 'บ้านนาสาร'),
('8413', 'บ้านนาเดิม'),
('8414', 'เคียนซา'),
('8415', 'เวียงสระ'),
('8416', 'พระแสง'),
('8417', 'พุนพิน'),
('8418', 'ชัยบุรี'),
('8419', 'วิภาวดี'),
('8501', 'เมืองระนอง'),
('8502', 'ละอุ่น'),
('8503', 'กะเปอร์'),
('8504', 'กระบุรี'),
('8505', 'สุขสำราญ'),
('8601', 'เมืองชุมพร'),
('8602', 'ท่าแซะ'),
('8603', 'ปะทิว'),
('8604', 'หลังสวน'),
('8605', 'ละแม'),
('8606', 'พะโต๊ะ'),
('8607', 'สวี'),
('8608', 'ทุ่งตะโก'),
('9001', 'เมืองสงขลา'),
('9002', 'สทิงพระ'),
('9003', 'จะนะ'),
('9004', 'นาทวี'),
('9005', 'เทพา'),
('9006', 'สะบ้าย้อย'),
('9007', 'ระโนด'),
('9008', 'กระแสสินธุ์'),
('9009', 'รัตภูมิ'),
('9010', 'สะเดา'),
('9011', 'หาดใหญ่'),
('9012', 'นาหม่อม'),
('9013', 'ควนเนียง'),
('9014', 'บางกล่ำ'),
('9015', 'สิงหนคร'),
('9016', 'คลองหอยโข่ง'),
('9101', 'เมืองสตูล'),
('9102', 'ควนโดน'),
('9103', 'ควนกาหลง'),
('9104', 'ท่าแพ'),
('9105', 'ละงู'),
('9106', 'ทุ่งหว้า'),
('9107', 'มะนัง'),
('9201', 'เมืองตรัง'),
('9202', 'กันตัง'),
('9203', 'ย่านตาขาว'),
('9204', 'ปะเหลียน'),
('9205', 'สิเกา'),
('9206', 'ห้วยยอด'),
('9207', 'วังวิเศษ'),
('9208', 'นาโยง'),
('9209', 'รัษฎา'),
('9210', 'หาดสำราญ'),
('9301', 'เมืองพัทลุง'),
('9302', 'กงหรา'),
('9303', 'เขาชัยสน'),
('9304', 'ตะโหมด'),
('9305', 'ควนขนุน'),
('9306', 'ปากพะยูน'),
('9307', 'ศรีบรรพต'),
('9308', 'ป่าบอน'),
('9309', 'บางแก้ว'),
('9310', 'ป่าพะยอม'),
('9311', 'ศรีนครินทร์'),
('9401', 'เมืองปัตตานี'),
('9402', 'โคกโพธิ์'),
('9403', 'หนองจิก'),
('9404', 'ปะนาเระ'),
('9405', 'มายอ'),
('9406', 'ทุ่งยางแดง'),
('9407', 'สายบุรี'),
('9408', 'ไม้แก่น'),
('9409', 'ยะหริ่ง'),
('9410', 'ยะรัง'),
('9411', 'กะพ้อ'),
('9412', 'แม่ลาน'),
('9501', 'เมืองยะลา'),
('9502', 'เบตง'),
('9503', 'บันนังสตา'),
('9504', 'ธารโต'),
('9505', 'ยะหา'),
('9506', 'รามัน'),
('9507', 'กาบัง'),
('9508', 'กรงปินัง'),
('9601', 'เมืองนราธิวาส'),
('9602', 'ตากใบ'),
('9603', 'บาเจาะ'),
('9604', 'ยี่งอ'),
('9605', 'ระแงะ'),
('9606', 'รือเสาะ'),
('9607', 'ศรีสาคร'),
('9608', 'แว้ง'),
('9609', 'สุคิริน'),
('9610', 'สุไหงโก-ลก'),
('9611', 'สุไหงปาดี'),
('9612', 'จะแนะ'),
('9613', 'เจาะไอร้อง');

-- --------------------------------------------------------

--
-- โครงสร้างตาราง `tb_faculty`
--

CREATE TABLE IF NOT EXISTS `tb_faculty` (
  `faculty_id` char(2) NOT NULL,
  `faculty_name` varchar(30) NOT NULL COMMENT 'คณะ',
  `checked` tinyint(1) NOT NULL default '0' COMMENT 'กรณีที่ผู้ใช้กรอกในช่องอื่นๆ เจ้าหน้าที่ต้องมาตรวจสอบว่าข้อความนี้จะให้แสดงเป็นตัวเลือกใน dropdown ไหม',
  PRIMARY KEY  (`faculty_id`),
  UNIQUE KEY `faculty_name_UNIQUE` (`faculty_name`)
) ENGINE=InnoDB DEFAULT CHARSET=utf8 COMMENT='คณะ/กอง';

--
-- dump ตาราง `tb_faculty`
--

INSERT INTO `tb_faculty` (`faculty_id`, `faculty_name`, `checked`) VALUES
('00', 'คณะอื่นๆ', 1),
('01', 'คณะวิทยาศาสตร์และเทคโนโลยี', 1);

-- --------------------------------------------------------

--
-- โครงสร้างตาราง `tb_fee_type`
--

CREATE TABLE IF NOT EXISTS `tb_fee_type` (
  `fee_type_id` char(2) NOT NULL,
  `fee_type_name` varchar(30) NOT NULL,
  PRIMARY KEY  (`fee_type_id`),
  UNIQUE KEY `fee_type_name_UNIQUE` (`fee_type_name`)
) ENGINE=InnoDB DEFAULT CHARSET=utf8 COMMENT='ประเภทการคิดค่าบริการ เหมา รายชั่วโมง';

--
-- dump ตาราง `tb_fee_type`
--

INSERT INTO `tb_fee_type` (`fee_type_id`, `fee_type_name`) VALUES
('02', 'ค่าบริการต่อชั่วโมง'),
('01', 'ค่าบริการแบบเหมา');

-- --------------------------------------------------------

--
-- โครงสร้างตาราง `tb_job_position`
--

CREATE TABLE IF NOT EXISTS `tb_job_position` (
  `job_position_id` char(2) NOT NULL,
  `job_position_name` varchar(30) NOT NULL COMMENT 'ตำแหน่งงาน',
  `checked` tinyint(1) NOT NULL default '0',
  PRIMARY KEY  (`job_position_id`),
  UNIQUE KEY `job_position_name_UNIQUE` (`job_position_name`)
) ENGINE=InnoDB DEFAULT CHARSET=utf8 COMMENT='ตำแหน่งงาน';

--
-- dump ตาราง `tb_job_position`
--

INSERT INTO `tb_job_position` (`job_position_id`, `job_position_name`, `checked`) VALUES
('00', 'ตำแหน่งงานอื่นๆ', 1),
('01', 'ลูกจ้างชั่วคราว', 1),
('02', 'นักวิชาการ', 1),
('03', 'ตำแหน่งว่าง', 0);

-- --------------------------------------------------------

--
-- โครงสร้างตาราง `tb_occupation`
--

CREATE TABLE IF NOT EXISTS `tb_occupation` (
  `occupation_id` char(2) NOT NULL,
  `occupation_name` varchar(30) NOT NULL,
  `checked` tinyint(1) NOT NULL default '0',
  PRIMARY KEY  (`occupation_id`),
  UNIQUE KEY `occupation_name_UNIQUE` (`occupation_name`)
) ENGINE=InnoDB DEFAULT CHARSET=utf8 COMMENT='อาชีพ';

--
-- dump ตาราง `tb_occupation`
--

INSERT INTO `tb_occupation` (`occupation_id`, `occupation_name`, `checked`) VALUES
('00', 'อาชีพอื่นๆ', 1),
('01', 'เกษตรกรรมฟฟ', 1),
('02', 'ค้าขาย', 1),
('03', 'ไม่ได้ประกอบอาชีพ', 1),
('04', 'รับจ้าง', 1),
('05', 'รับราชการ/รัฐวิสาหกิจ', 1);

-- --------------------------------------------------------

--
-- โครงสร้างตาราง `tb_office`
--

CREATE TABLE IF NOT EXISTS `tb_office` (
  `office_id` char(2) NOT NULL,
  `office_name` varchar(30) NOT NULL COMMENT 'ชื่อหน่วยงาน',
  `checked` tinyint(1) NOT NULL default '0',
  PRIMARY KEY  (`office_id`),
  UNIQUE KEY `office_name_UNIQUE` (`office_name`)
) ENGINE=InnoDB DEFAULT CHARSET=utf8 COMMENT='ชื่อหน่วยงาน';

--
-- dump ตาราง `tb_office`
--

INSERT INTO `tb_office` (`office_id`, `office_name`, `checked`) VALUES
('00', 'หน่วยงานอื่นๆ', 1),
('01', 'โรงพยาบาลอุตรดิตถ์', 1),
('02', 'ทดสอบเพิ่มหน่วยงานหนึ่ง', 0),
('03', 'หน่วยงานเพิ่ม1', 0);

-- --------------------------------------------------------

--
-- โครงสร้างตาราง `tb_person`
--

CREATE TABLE IF NOT EXISTS `tb_person` (
  `person_id` char(2) NOT NULL,
  `person` varchar(40) NOT NULL,
  `tb_person_type_id` char(2) NOT NULL,
  PRIMARY KEY  (`person_id`),
  UNIQUE KEY `person_UNIQUE` (`person`),
  KEY `fk_tb_person_tb_person_type1_idx` (`tb_person_type_id`)
) ENGINE=InnoDB DEFAULT CHARSET=utf8;

--
-- dump ตาราง `tb_person`
--

INSERT INTO `tb_person` (`person_id`, `person`, `tb_person_type_id`) VALUES
('01', 'อาจารย์/เจ้าหน้าที่', '01'),
('02', 'นักศึกษา', '01'),
('03', 'บุคคลทั่วไป', '02');

-- --------------------------------------------------------

--
-- โครงสร้างตาราง `tb_person_type`
--

CREATE TABLE IF NOT EXISTS `tb_person_type` (
  `person_type_id` char(2) NOT NULL,
  `person_type` varchar(45) NOT NULL,
  PRIMARY KEY  (`person_type_id`),
  UNIQUE KEY `person_type_UNIQUE` (`person_type`)
) ENGINE=InnoDB DEFAULT CHARSET=utf8;

--
-- dump ตาราง `tb_person_type`
--

INSERT INTO `tb_person_type` (`person_type_id`, `person_type`) VALUES
('02', 'บุคคลภายนอก'),
('01', 'บุคคลภายใน');

-- --------------------------------------------------------

--
-- โครงสร้างตาราง `tb_privilege`
--

CREATE TABLE IF NOT EXISTS `tb_privilege` (
  `privilege_id` char(2) NOT NULL,
  `privilege_name` varchar(50) NOT NULL,
  PRIMARY KEY  (`privilege_id`)
) ENGINE=InnoDB DEFAULT CHARSET=utf8;

--
-- dump ตาราง `tb_privilege`
--

INSERT INTO `tb_privilege` (`privilege_id`, `privilege_name`) VALUES
('01', 'สิทธิ์การอนุมัติการจองห้อง'),
('02', 'สิทธิ์การจัดการข้อมูลทั่วไป'),
('03', 'สิทธิ์การออกรายงาน'),
('04', 'สิทธิ์การอนุมัติส่วนลด'),
('05', 'สิทธิ์การจัดการข้อมูลการใช้งานระบบ'),
('06', 'สิทธิ์การจัดการสิทธิ์ผู้ใช้'),
('07', 'สิทธิ์การจองห้อง');

-- --------------------------------------------------------

--
-- โครงสร้างตาราง `tb_privilege_assign`
--

CREATE TABLE IF NOT EXISTS `tb_privilege_assign` (
  `privilege_assign_id` char(4) NOT NULL,
  `assign_from` varchar(15) NOT NULL,
  `assign_to` varchar(15) NOT NULL,
  `assign_date` datetime NOT NULL COMMENT 'มอบตั้งแต่วันที่-วันที่',
  `canceled` tinyint(1) NOT NULL default '0' COMMENT 'ขอคืนสิทธิ์ไปหรือยัง?\ntrue != 0 = ขอคืนไปแล้ว\nfalse ==0 = ยังไม่ได้ขอคืนสิทธิ์',
  `tb_privilege_id` char(2) NOT NULL,
  PRIMARY KEY  (`privilege_assign_id`),
  KEY `fk_tb_privilege_assign_tb_user1_idx` (`assign_from`),
  KEY `fk_tb_privilege_assign_tb_user2_idx` (`assign_to`),
  KEY `fk_tb_privilege_assign_privilege_type1_idx` (`tb_privilege_id`)
) ENGINE=InnoDB DEFAULT CHARSET=utf8 COMMENT='ตารางการมอบสิทธิ์';

--
-- dump ตาราง `tb_privilege_assign`
--

INSERT INTO `tb_privilege_assign` (`privilege_assign_id`, `assign_from`, `assign_to`, `assign_date`, `canceled`, `tb_privilege_id`) VALUES
('0001', 'tuchapon', 'qqqqq', '2014-01-09 15:32:40', 1, '01'),
('0002', 'tuchapon', 'qqqqq', '2014-01-09 15:33:08', 1, '01');

--
-- ทริกเกอร์ `tb_privilege_assign`
--
DROP TRIGGER IF EXISTS `insert_privilege`;
DELIMITER //
CREATE TRIGGER `insert_privilege` AFTER INSERT ON `tb_privilege_assign`
 FOR EACH ROW -- Edit trigger body code below this line. Do not edit lines above this one
begin
IF((SELECT COUNT(tb_user_username) FROM tb_user_has_privilege WHERE tb_privilege_id = new.tb_privilege_id AND tb_user_username = new.assign_to) = 0) THEN
	INSERT INTO tb_user_has_privilege VALUES( new.tb_privilege_id , new.assign_to );
END IF;
END
//
DELIMITER ;
DROP TRIGGER IF EXISTS `update_canceled`;
DELIMITER //
CREATE TRIGGER `update_canceled` AFTER UPDATE ON `tb_privilege_assign`
 FOR EACH ROW begin
	IF(new.canceled = 1) THEN
		DELETE FROM tb_user_has_privilege WHERE tb_user_username = old.assign_to AND tb_privilege_id = old.tb_privilege_id;
	END IF;
END
//
DELIMITER ;

-- --------------------------------------------------------

--
-- โครงสร้างตาราง `tb_province`
--

CREATE TABLE IF NOT EXISTS `tb_province` (
  `province_id` char(2) NOT NULL,
  `province_name` varchar(45) NOT NULL,
  PRIMARY KEY  (`province_id`)
) ENGINE=InnoDB DEFAULT CHARSET=utf8;

--
-- dump ตาราง `tb_province`
--

INSERT INTO `tb_province` (`province_id`, `province_name`) VALUES
('10', 'กรุงเทพมหานคร'),
('11', 'สมุทรปราการ'),
('12', 'นนทบุรี'),
('13', 'ปทุมธานี'),
('14', 'พระนครศรีอยุธยา'),
('15', 'อ่างทอง'),
('16', 'ลพบุรี'),
('17', 'สิงห์บุรี'),
('18', 'ชัยนาท'),
('19', 'สระบุรี'),
('20', 'ชลบุรี'),
('21', 'ระยอง'),
('22', 'จันทบุรี'),
('23', 'ตราด'),
('24', 'ฉะเชิงเทรา'),
('25', 'ปราจีนบุรี'),
('26', 'นครนายก'),
('27', 'สระแก้ว'),
('30', 'นครราชสีมา'),
('31', 'บุรีรัมย์'),
('32', 'สุรินทร์'),
('33', 'ศรีสะเกษ'),
('34', 'อุบลราชธานี'),
('35', 'ยโสธร'),
('36', 'ชัยภูมิ'),
('37', 'อำนาจเจริญ'),
('38', 'บึงกาฬ'),
('39', 'หนองบัวลำภู'),
('40', 'ขอนแก่น'),
('41', 'อุดรธานี'),
('42', 'เลย'),
('43', 'หนองคาย'),
('44', 'มหาสารคาม'),
('45', 'ร้อยเอ็ด'),
('46', 'กาฬสินธุ์'),
('47', 'สกลนคร'),
('48', 'นครพนม'),
('49', 'มุกดาหาร'),
('50', 'เชียงใหม่'),
('51', 'ลำพูน'),
('52', 'ลำปาง'),
('53', 'อุตรดิตถ์'),
('54', 'แพร่'),
('55', 'น่าน'),
('56', 'พะเยา'),
('57', 'เชียงราย'),
('58', 'แม่ฮ่องสอน'),
('60', 'นครสวรรค์'),
('61', 'อุทัยธานี'),
('62', 'กำแพงเพชร'),
('63', 'ตาก'),
('64', 'สุโขทัย'),
('65', 'พิษณุโลก'),
('66', 'พิจิตร'),
('67', 'เพชรบูรณ์'),
('70', 'ราชบุรี'),
('71', 'กาญจนบุรี'),
('72', 'สุพรรณบุรี'),
('73', 'นครปฐม'),
('74', 'สมุทรสาคร'),
('75', 'สมุทรสงคราม'),
('76', 'เพชรบุรี'),
('77', 'ประจวบคีรีขันธ์'),
('80', 'นครศรีธรรมราช'),
('81', 'กระบี่'),
('82', 'พังงา'),
('83', 'ภูเก็ต'),
('84', 'สุราษฎร์ธานี'),
('85', 'ระนอง'),
('86', 'ชุมพร'),
('90', 'สงขลา'),
('91', 'สตูล'),
('92', 'ตรัง'),
('93', 'พัทลุง'),
('94', 'ปัตตานี'),
('95', 'ยะลา'),
('96', 'นราธิวาส');

-- --------------------------------------------------------

--
-- โครงสร้างตาราง `tb_reserve`
--

CREATE TABLE IF NOT EXISTS `tb_reserve` (
  `reserve_id` char(5) NOT NULL,
  `approve` tinyint(1) NOT NULL default '0' COMMENT 'อนุมัติ? 0-1\n0 ยังไม่อนุมัติ\n1 อนุมัติ',
  `approve_on` datetime NOT NULL COMMENT 'วันเวลาที่อนุมัติการจอง',
  `approve_by` varchar(15) default NULL COMMENT 'ผู้อนุมัติ จะไม่แสดงให้ผู้จองเห็น\nสำหรับ(เจ้าหน้าที่,ผู้ดูแลระบบ,ผบ.)ดู',
  `discount` decimal(5,2) NOT NULL default '0.00' COMMENT 'รองรับจำนวนเต็ม 3 หลัก ทศนิยม 2 หลัก\nเป็นเปอร์เซ็น',
  `tb_user_username` varchar(15) NOT NULL COMMENT 'อ้างอิง username เพื่อทราบผู้จอง',
  `tb_room_id` char(3) NOT NULL,
  `for_use` text NOT NULL COMMENT 'จองเพื่อทำอะไร',
  `project_name` varchar(100) NOT NULL,
  `canceled` tinyint(1) NOT NULL default '0' COMMENT 'หากมีการยกเลิกการจองห้อง\nถูกยกเลิกได้โดย เจ้าหน้าที่/ผู้จอง',
  `other_article` text,
  `num_of_people` int(3) default NULL COMMENT 'จำนวนคนที่เข้าร่วมโครงการ',
  `reserve_on` datetime NOT NULL,
  PRIMARY KEY  (`reserve_id`),
  KEY `fk_tb_reserv_tb_user1_idx` (`tb_user_username`),
  KEY `fk_tb_reserv_tb_room1_idx` (`tb_room_id`),
  KEY `fk_tb_reserve_tb_user1_idx` (`approve_by`)
) ENGINE=InnoDB DEFAULT CHARSET=utf8 COMMENT='ตารางการจอง เก็บข้อมูลฟอร์มการจอง';

--
-- dump ตาราง `tb_reserve`
--

INSERT INTO `tb_reserve` (`reserve_id`, `approve`, `approve_on`, `approve_by`, `discount`, `tb_user_username`, `tb_room_id`, `for_use`, `project_name`, `canceled`, `other_article`, `num_of_people`, `reserve_on`) VALUES
('00001', 1, '0000-00-00 00:00:00', NULL, '0.00', '04', '001', 'test', 'test', 0, '', 10, '2014-01-06 15:04:05'),
('00002', 0, '0000-00-00 00:00:00', NULL, '0.00', '04', '001', 'lab', 'computer lab', 0, 'ไมโครโฟน', 50, '2014-01-11 04:59:33'),
('00003', 0, '0000-00-00 00:00:00', NULL, '0.00', '04', '002', 'อบรมการใช้งาน Codeigniter', 'Codeigniter', 0, '', 60, '2014-01-11 18:58:39'),
('00004', 0, '0000-00-00 00:00:00', NULL, '0.00', '04', '002', 'อบรมการใช้งาน Codeigniter', 'Codeigniter', 0, '', 60, '2014-01-11 19:08:01'),
('00005', 0, '0000-00-00 00:00:00', NULL, '0.00', '04', '002', 'test', 'test project', 0, '', 50, '2014-01-12 01:34:34'),
('00006', 0, '0000-00-00 00:00:00', NULL, '0.00', 'admin', '001', '111', 'test', 0, '', 10, '2014-01-21 18:35:47'),
('00007', 0, '0000-00-00 00:00:00', NULL, '0.00', 'admin', '001', '111', 'test', 0, '', 10, '2014-01-21 18:36:45'),
('00008', 0, '0000-00-00 00:00:00', NULL, '0.00', 'admin', '001', '111', 'test', 0, '', 10, '2014-01-21 18:37:06'),
('00009', 0, '0000-00-00 00:00:00', NULL, '0.00', 'admin', '001', '111', 'test', 0, '', 10, '2014-01-21 18:45:45');

-- --------------------------------------------------------

--
-- โครงสร้างตาราง `tb_reserve_has_article`
--

CREATE TABLE IF NOT EXISTS `tb_reserve_has_article` (
  `tb_reserve_id` char(5) NOT NULL,
  `tb_article_id` char(3) NOT NULL,
  `unit_num` int(4) NOT NULL COMMENT 'จำนวนครุภัณฑ์ที่จอง',
  PRIMARY KEY  (`tb_reserve_id`,`tb_article_id`),
  KEY `fk_tb_reserv_has_tb_article_tb_article1_idx` (`tb_article_id`),
  KEY `fk_tb_reserv_has_tb_article_tb_reserv1_idx` (`tb_reserve_id`)
) ENGINE=InnoDB DEFAULT CHARSET=utf8 COMMENT='ตารางอ้างอิง ครุภัณฑ์/อุปกรณ์ ที่เลือกใช้จากฟอร์มการจอง';

--
-- dump ตาราง `tb_reserve_has_article`
--

INSERT INTO `tb_reserve_has_article` (`tb_reserve_id`, `tb_article_id`, `unit_num`) VALUES
('00001', '002', 1),
('00001', '003', 10),
('00001', '004', 3),
('00002', '002', 1),
('00002', '003', 1),
('00006', '003', 10),
('00006', '004', 3),
('00007', '003', 10),
('00007', '004', 3),
('00008', '003', 10),
('00008', '004', 3),
('00009', '003', 10),
('00009', '004', 3);

-- --------------------------------------------------------

--
-- โครงสร้างตาราง `tb_reserve_has_datetime`
--

CREATE TABLE IF NOT EXISTS `tb_reserve_has_datetime` (
  `datetime_id` char(6) NOT NULL,
  `tb_reserve_id` char(5) NOT NULL,
  `reserve_datetime_begin` datetime NOT NULL,
  `reserve_datetime_end` datetime NOT NULL,
  PRIMARY KEY  (`datetime_id`),
  KEY `fk_reserve_has_datetime_tb_reserve1_idx` (`tb_reserve_id`)
) ENGINE=InnoDB DEFAULT CHARSET=utf8;

--
-- dump ตาราง `tb_reserve_has_datetime`
--

INSERT INTO `tb_reserve_has_datetime` (`datetime_id`, `tb_reserve_id`, `reserve_datetime_begin`, `reserve_datetime_end`) VALUES
('000001', '00001', '2014-01-06 08:02:00', '2014-01-06 13:23:20'),
('000002', '00002', '2014-01-13 08:30:00', '2014-01-13 12:00:00'),
('000003', '00002', '2014-01-13 13:00:00', '2014-01-13 16:00:00'),
('000004', '00003', '2014-01-13 14:30:00', '2014-01-13 18:53:00'),
('000005', '00004', '2014-01-13 14:53:00', '2014-01-13 18:53:00'),
('000006', '00005', '2014-01-13 09:15:00', '2014-01-13 12:45:00'),
('000007', '00009', '2014-01-21 11:54:07', '2014-01-21 15:54:07');

-- --------------------------------------------------------

--
-- โครงสร้างตาราง `tb_reserve_has_file`
--

CREATE TABLE IF NOT EXISTS `tb_reserve_has_file` (
  `file_id` char(5) NOT NULL,
  `tb_reserve_id` char(5) NOT NULL,
  `file_name` varchar(255) NOT NULL COMMENT 'ชื่อไฟล์ที่ upload ',
  `old_file_name` varchar(255) NOT NULL,
  PRIMARY KEY  (`file_id`),
  KEY `fk_tb_reserv_has_tb_file_tb_reserv1_idx` (`tb_reserve_id`)
) ENGINE=InnoDB DEFAULT CHARSET=utf8 COMMENT='ตารางอ้างอิงไฟล์ โครงการ ที่ upload ';

--
-- dump ตาราง `tb_reserve_has_file`
--

INSERT INTO `tb_reserve_has_file` (`file_id`, `tb_reserve_id`, `file_name`, `old_file_name`) VALUES
('00001', '00002', '1389391173_6012883.doc', '05แบบขอใช้ห้องปฎิบัติการ.doc'),
('00002', '00005', '1389465274_6964890.doc', '06แบบขอใช้ห้องปฎิบัติการ บุคคลภายนอก.doc');

-- --------------------------------------------------------

--
-- โครงสร้างตาราง `tb_reserve_has_person`
--

CREATE TABLE IF NOT EXISTS `tb_reserve_has_person` (
  `tb_reserve_id` char(5) NOT NULL,
  `tb_person_id` char(2) NOT NULL,
  `std_id` varchar(11) default NULL COMMENT 'รหัสนักศึกษา',
  `phone` varchar(10) default NULL COMMENT 'เบอร์โทรติดต่อได้',
  `tb_job_position_id` char(2) default NULL,
  `tb_office_id` char(2) default NULL,
  `tb_department_id` char(2) default NULL,
  `tb_faculty_id` char(2) default NULL,
  PRIMARY KEY  (`tb_person_id`,`tb_reserve_id`),
  KEY `fk_tb_reserve_has_person_tb_reserve1_idx` (`tb_reserve_id`),
  KEY `fk_tb_reserve_has_person_tb_person1_idx` (`tb_person_id`),
  KEY `fk_tb_reserve_has_person_tb_department1_idx` (`tb_department_id`),
  KEY `fk_tb_reserve_has_person_tb_faculty1_idx` (`tb_faculty_id`),
  KEY `fk_tb_reserve_has_person_tb_job_position1_idx` (`tb_job_position_id`),
  KEY `fk_tb_reserve_has_person_tb_office_name1_idx` (`tb_office_id`)
) ENGINE=InnoDB DEFAULT CHARSET=utf8;

--
-- dump ตาราง `tb_reserve_has_person`
--

INSERT INTO `tb_reserve_has_person` (`tb_reserve_id`, `tb_person_id`, `std_id`, `phone`, `tb_job_position_id`, `tb_office_id`, `tb_department_id`, `tb_faculty_id`) VALUES
('00005', '01', NULL, '0881515680', '01', NULL, '01', '01'),
('00002', '02', '52042380164', '0881515680', NULL, NULL, '01', '01'),
('00001', '03', NULL, '0881515680', '02', '01', NULL, NULL),
('00003', '03', NULL, '0881515680', '02', '02', NULL, NULL),
('00004', '03', NULL, '0881515680', '02', '02', NULL, NULL),
('00007', '03', NULL, '0881515680', '03', '03', NULL, NULL),
('00009', '03', NULL, '0881515680', '03', '03', NULL, NULL);

-- --------------------------------------------------------

--
-- โครงสร้างตาราง `tb_room`
--

CREATE TABLE IF NOT EXISTS `tb_room` (
  `room_id` char(3) NOT NULL,
  `room_name` varchar(50) NOT NULL,
  `tb_room_type_id` char(2) NOT NULL,
  `room_detail` text COMMENT 'รายละเอียดต่างๆ ของห้อง ใช้แสดงในหน้าเว็บ',
  `room_status` tinyint(1) NOT NULL default '0' COMMENT 'สถานะห้อง\n0=ปิดให้บริการ\n1=เปิดให้บริการ\n',
  `discount_percent` decimal(5,2) unsigned NOT NULL default '0.00' COMMENT 'ส่วนลดพื้นฐานแต่ละห้อง ไม่ต้องรออนุมัติจาก ผบ.',
  `tb_fee_type_id` char(2) NOT NULL,
  `room_fee_hour` decimal(8,2) NOT NULL default '0.00',
  `room_fee_lump_sum` decimal(8,2) default '0.00',
  PRIMARY KEY  (`room_id`),
  KEY `fk_tb_room_tb_room_type1_idx` (`tb_room_type_id`),
  KEY `fk_tb_room_tb_fee_type1_idx` (`tb_fee_type_id`)
) ENGINE=InnoDB DEFAULT CHARSET=utf8 COMMENT='ตารางเก็บข้อมูลห้อง';

--
-- dump ตาราง `tb_room`
--

INSERT INTO `tb_room` (`room_id`, `room_name`, `tb_room_type_id`, `room_detail`, `room_status`, `discount_percent`, `tb_fee_type_id`, `room_fee_hour`, `room_fee_lump_sum`) VALUES
('001', 'c201', '01', '&lt;p style=&quot;text-align: center;&quot;&gt;ห้องC201&lt;/p&gt;\r\n&lt;ul&gt;\r\n&lt;li&gt;ตำแหน่งที่ตั้งคือศูนย์คอมฯ&lt;/li&gt;\r\n&lt;li&gt;สร้างเมื่อ...&lt;/li&gt;\r\n&lt;/ul&gt;\r\n&lt;p&gt;กกกกกกกกกกกกกกกกกกกกกกกกกกกกกกกกกกกกกกกกกกกกกกกกกกกกกกกกกกกกกกกกกกกกกกกกกกกกกกกกกกกกกกกกกกกกกกกกกกกกกกกกกกกกกกกกกกกกกกกกกกกกกกกกกกกกกกกกกกกกกกกกกก&lt;/p&gt;\r\n&lt;p&gt;กกกกกกกกกกกกกกกกกกกกกกกกกกกกกกกกกกกกกกกกกกกกกกกกกกกกกกกกกกกห&lt;/p&gt;\r\n&lt;p&gt;หหหหหหหหหหหหหหหหหหหหหหหหหหหหหหหหหหหหหหหหหหหหหหหหหหหหหหหหหหหหหหหหหหหหหหหหหหหหหห&lt;/p&gt;\r\n&lt;p&gt;ฟฟฟฟฟฟฟฟฟฟฟฟฟฟฟฟฟฟฟฟฟฟฟฟฟฟฟฟฟฟฟฟ&lt;/p&gt;\r\n&lt;p&gt; &lt;/p&gt;', 1, '0.00', '01', '100.00', '500.00'),
('002', 'c202', '01', NULL, 1, '0.00', '01', '100.00', '500.00');

-- --------------------------------------------------------

--
-- โครงสร้างตาราง `tb_room_has_article`
--

CREATE TABLE IF NOT EXISTS `tb_room_has_article` (
  `tb_room_id` char(3) NOT NULL,
  `tb_article_id` char(3) NOT NULL,
  `article_num` int(4) unsigned NOT NULL default '0',
  `tb_fee_type_id` char(2) NOT NULL,
  `lump_sum_base_unit` int(4) unsigned NOT NULL default '0' COMMENT 'จำนวนพื้นฐานในการคิดค่าบริการแบบเหมา\nlump_sum = เหมาจ่าย',
  PRIMARY KEY  (`tb_room_id`,`tb_article_id`),
  KEY `fk_tb_room_has_article_tb_room_idx` (`tb_room_id`),
  KEY `fk_tb_room_has_article_tb_article1_idx` (`tb_article_id`),
  KEY `fk_tb_room_has_article_tb_fee_type1_idx` (`tb_fee_type_id`)
) ENGINE=InnoDB DEFAULT CHARSET=utf8;

--
-- dump ตาราง `tb_room_has_article`
--

INSERT INTO `tb_room_has_article` (`tb_room_id`, `tb_article_id`, `article_num`, `tb_fee_type_id`, `lump_sum_base_unit`) VALUES
('001', '002', 1, '02', 0),
('001', '003', 10, '01', 5),
('001', '004', 3, '02', 0);

-- --------------------------------------------------------

--
-- โครงสร้างตาราง `tb_room_has_pic`
--

CREATE TABLE IF NOT EXISTS `tb_room_has_pic` (
  `room_pic_id` char(5) NOT NULL,
  `pic_descript` varchar(100) default NULL COMMENT 'บรรยายภาพ หรือ ข้อมูลภาพ',
  `pic_name` varchar(255) NOT NULL COMMENT 'ชื่อรูป เช่น aa.png',
  `tb_room_id` char(3) NOT NULL,
  PRIMARY KEY  (`room_pic_id`),
  KEY `fk_tb_room_has_pic_tb_room1_idx` (`tb_room_id`)
) ENGINE=InnoDB DEFAULT CHARSET=utf8;

--
-- dump ตาราง `tb_room_has_pic`
--

INSERT INTO `tb_room_has_pic` (`room_pic_id`, `pic_descript`, `pic_name`, `tb_room_id`) VALUES
('00014', NULL, '1389803282_6574301.jpg', '002'),
('00015', NULL, '1389803282_7034238.jpg', '002'),
('00016', NULL, '1389803282_7274827.jpg', '002'),
('00017', NULL, '1389803282_7614624.jpg', '002'),
('00018', NULL, '1390236523_22624.jpg', '001'),
('00019', NULL, '1390236624_18773.jpg', '001'),
('00020', NULL, '1390236709_05466.jpg', '001'),
('00021', NULL, '1390236723_89279.jpg', '001');

-- --------------------------------------------------------

--
-- โครงสร้างตาราง `tb_room_type`
--

CREATE TABLE IF NOT EXISTS `tb_room_type` (
  `room_type_id` char(2) NOT NULL,
  `room_type_name` varchar(30) NOT NULL,
  PRIMARY KEY  (`room_type_id`)
) ENGINE=InnoDB DEFAULT CHARSET=utf8 COMMENT='ประเภทห้อง เช่น ห้องปฏิบัติการ ,ห้องประชุม ,ห้องe-auction ,ห';

--
-- dump ตาราง `tb_room_type`
--

INSERT INTO `tb_room_type` (`room_type_id`, `room_type_name`) VALUES
('01', 'ห้องปฏิบัติการคอมพิวเตอร์'),
('02', 'ห้องประชุม'),
('03', 'ห้อง E-Auction'),
('04', 'ห้อง Conference');

-- --------------------------------------------------------

--
-- โครงสร้างตาราง `tb_subdistrict`
--

CREATE TABLE IF NOT EXISTS `tb_subdistrict` (
  `subdistrict_id` char(6) NOT NULL,
  `subdistrict_name` varchar(45) NOT NULL,
  PRIMARY KEY  (`subdistrict_id`)
) ENGINE=InnoDB DEFAULT CHARSET=utf8;

--
-- dump ตาราง `tb_subdistrict`
--

INSERT INTO `tb_subdistrict` (`subdistrict_id`, `subdistrict_name`) VALUES
('100101', 'แขวงพระบรมมหาราชวัง'),
('100102', 'แขวงวังบูรพาภิรมย์'),
('100103', 'แขวงวัดราชบพิธ'),
('100104', 'แขวงสำราญราษฎร์'),
('100105', 'แขวงศาลเจ้าพ่อเสือ'),
('100106', 'แขวงเสาชิงช้า'),
('100107', 'แขวงบวรนิเวศ'),
('100108', 'แขวงตลาดยอด'),
('100109', 'แขวงชนะสงคราม'),
('100110', 'แขวงบ้านพานถม'),
('100111', 'แขวงบางขุนพรหม'),
('100112', 'แขวงวัดสามพระยา'),
('100201', 'แขวงดุสิต'),
('100202', 'แขวงวชิรพยาบาล'),
('100203', 'แขวงสวนจิตรลดา'),
('100204', 'แขวงสี่แยกมหานาค'),
('100206', 'แขวงถนนนครไชยศรี'),
('100301', 'แขวงกระทุ่มราย'),
('100302', 'แขวงหนองจอก'),
('100303', 'แขวงคลองสิบ'),
('100304', 'แขวงคลองสิบสอง'),
('100305', 'แขวงโคกแฝด'),
('100306', 'แขวงคู้ฝั่งเหนือ'),
('100307', 'แขวงลำผักชี'),
('100308', 'แขวงลำต้อยติ่ง'),
('100401', 'แขวงมหาพฤฒาราม'),
('100402', 'แขวงสีลม'),
('100403', 'แขวงสุริยวงศ์'),
('100404', 'แขวงบางรัก'),
('100405', 'แขวงสี่พระยา'),
('100502', 'แขวงอนุสาวรีย์'),
('100508', 'แขวงท่าแร้ง'),
('100601', 'แขวงคลองจั่น'),
('100608', 'แขวงหัวหมาก'),
('100701', 'แขวงรองเมือง'),
('100702', 'แขวงวังใหม่'),
('100703', 'แขวงปทุมวัน'),
('100704', 'แขวงลุมพินี'),
('100801', 'แขวงป้อมปราบ'),
('100802', 'แขวงวัดเทพศิรินทร์'),
('100803', 'แขวงคลองมหานาค'),
('100804', 'แขวงบ้านบาตร'),
('100805', 'แขวงวัดโสมนัส'),
('100905', 'แขวงบางจาก'),
('101001', 'แขวงมีนบุรี'),
('101002', 'แขวงแสนแสบ'),
('101101', 'แขวงลาดกระบัง'),
('101102', 'แขวงคลองสองต้นนุ่น'),
('101103', 'แขวงคลองสามประเวศ'),
('101104', 'แขวงลำปลาทิว'),
('101105', 'แขวงทับยาว'),
('101106', 'แขวงขุมทอง'),
('101203', 'แขวงช่องนนทรี'),
('101204', 'แขวงบางโพงพาง'),
('101301', 'แขวงจักรวรรดิ'),
('101302', 'แขวงสัมพันธวงศ์'),
('101303', 'แขวงตลาดน้อย'),
('101401', 'แขวงสามเสนใน'),
('101501', 'แขวงวัดกัลยาณ์'),
('101502', 'แขวงหิรัญรูจี'),
('101503', 'แขวงบางยี่เรือ'),
('101504', 'แขวงบุคคโล'),
('101505', 'แขวงตลาดพลู'),
('101506', 'แขวงดาวคะนอง'),
('101507', 'แขวงสำเหร่'),
('101601', 'แขวงวัดอรุณ'),
('101602', 'แขวงวัดท่าพระ'),
('101701', 'แขวงห้วยขวาง'),
('101702', 'แขวงบางกะปิ'),
('101704', 'แขวงสามเสนนอก'),
('101801', 'แขวงสมเด็จเจ้าพระยา'),
('101802', 'แขวงคลองสาน'),
('101803', 'แขวงบางลำภูล่าง'),
('101804', 'แขวงคลองต้นไทร'),
('101901', 'แขวงคลองชักพระ'),
('101902', 'แขวงตลิ่งชัน'),
('101903', 'แขวงฉิมพลี'),
('101904', 'แขวงบางพรม'),
('101905', 'แขวงบางระมาด'),
('101907', 'แขวงบางเชือกหนัง'),
('102004', 'แขวงศิริราช'),
('102005', 'แขวงบ้านช่างหล่อ'),
('102006', 'แขวงบางขุนนนท์'),
('102007', 'แขวงบางขุนศรี'),
('102009', 'แขวงอรุณอมรินทร์'),
('102105', 'แขวงท่าข้าม'),
('102107', 'แขวงแสมดำ'),
('102201', 'แขวงบางหว้า'),
('102202', 'แขวงบางด้วน'),
('102206', 'แขวงบางจาก'),
('102207', 'แขวงบางแวก'),
('102208', 'แขวงคลองขวาง'),
('102209', 'แขวงปากคลองภาษีเจริญ'),
('102210', 'แขวงคูหาสวรรค์'),
('102302', 'แขวงหนองแขม'),
('102303', 'แขวงหนองค้างพลู'),
('102401', 'แขวงราษฎร์บูรณะ'),
('102402', 'แขวงบางปะกอก'),
('102501', 'แขวงบางพลัด'),
('102502', 'แขวงบางอ้อ'),
('102503', 'แขวงบางบำหรุ'),
('102504', 'แขวงบางยี่ขัน'),
('102601', 'แขวงดินแดง'),
('102701', 'แขวงคลองกุ่ม'),
('102704', 'แขวงนวมินทร์'),
('102705', 'แขวงนวลจันทร์'),
('102801', 'แขวงวัดทุ่งดอน'),
('102802', 'แขวงยานนาวา'),
('102803', 'แขวงทุ่งมหาเมฆ'),
('102901', 'แขวงบางซื่อ'),
('102902', 'แขวงวงศ์สว่าง'),
('103001', 'แขวงลาดยาว'),
('103002', 'แขวงเสนานิคม'),
('103003', 'แขวงจันทรเกษม'),
('103004', 'แขวงจอมพล'),
('103005', 'แขวงจตุจักร'),
('103101', 'แขวงบางคอแหลม'),
('103102', 'แขวงวัดพระยาไกร'),
('103103', 'แขวงบางโคล่'),
('103201', 'แขวงประเวศ'),
('103202', 'แขวงหนองบอน'),
('103203', 'แขวงดอกไม้'),
('103301', 'แขวงคลองเตย'),
('103302', 'แขวงคลองตัน'),
('103303', 'แขวงพระโขนง'),
('103401', 'แขวงสวนหลวง'),
('103501', 'แขวงบางขุนเทียน'),
('103502', 'แขวงบางค้อ'),
('103503', 'แขวงบางมด'),
('103504', 'แขวงจอมทอง'),
('103602', 'แขวงสีกัน'),
('103604', 'แขวงดอนเมือง'),
('103605', 'แขวงสนามบิน'),
('103701', 'แขวงทุ่งพญาไท'),
('103702', 'แขวงถนนพญาไท'),
('103703', 'แขวงถนนเพชรบุรี'),
('103704', 'แขวงมักกะสัน'),
('103801', 'แขวงลาดพร้าว'),
('103802', 'แขวงจรเข้บัว'),
('103901', 'แขวงคลองเตยเหนือ'),
('103902', 'แขวงคลองตันเหนือ'),
('103903', 'แขวงพระโขนงเหนือ'),
('104001', 'แขวงบางแค'),
('104002', 'แขวงบางแคเหนือ'),
('104003', 'แขวงบางไผ่'),
('104004', 'แขวงหลักสอง'),
('104101', 'แขวงทุ่งสองห้อง'),
('104102', 'แขวงตลาดบางเขน'),
('104201', 'แขวงสายไหม'),
('104202', 'แขวงออเงิน'),
('104203', 'แขวงคลองถนน'),
('104301', 'แขวงคันนายาว'),
('104302', 'แขวงรามอินทรา'),
('104401', 'แขวงสะพานสูง'),
('104501', 'แขวงวังทองหลาง'),
('104502', 'แขวงสะพานสอง'),
('104503', 'แขวงคลองเจ้าคุณสิงห์'),
('104504', 'แขวงพลับพลา'),
('104601', 'แขวงสามวาตะวันตก'),
('104602', 'แขวงสามวาตะวันออก'),
('104603', 'แขวงบางชัน'),
('104604', 'แขวงทรายกองดิน'),
('104605', 'แขวงทรายกองดินใต้'),
('104701', 'แขวงบางนา'),
('104801', 'แขวงทวีวัฒนา'),
('104802', 'แขวงศาลาธรรมสพน์'),
('104901', 'แขวงบางมด'),
('104902', 'แขวงทุ่งครุ'),
('105001', 'แขวงบางบอน'),
('110110', 'แพรกษา'),
('110111', 'บางโปรง'),
('110113', 'บางด้วน'),
('110115', 'เทพารักษ์'),
('110117', 'แพรกษาใหม่'),
('110201', 'บางบ่อ'),
('110202', 'บ้านระกาศ'),
('110203', 'บางพลีน้อย'),
('110204', 'บางเพรียง'),
('110205', 'คลองด่าน'),
('110207', 'เปร็ง'),
('110208', 'คลองนิยมยาตรา'),
('110301', 'บางพลีใหญ่'),
('110302', 'บางแก้ว'),
('110303', 'บางปลา'),
('110304', 'บางโฉลง'),
('110308', 'ราชาเทวะ'),
('110309', 'หนองปรือ'),
('110408', 'บางยอ'),
('110409', 'บางกะเจ้า'),
('110410', 'บางน้ำผึ้ง'),
('110411', 'บางกระสอบ'),
('110412', 'บางกอบัว'),
('110413', 'ทรงคนอง'),
('110501', 'นาเกลือ'),
('110502', 'บ้านคลองสวน'),
('110503', 'แหลมฟ้าผ่า'),
('110505', 'ในคลองบางปลากด'),
('110601', 'บางเสาธง'),
('110602', 'ศีรษะจรเข้น้อย'),
('110603', 'ศีรษะจรเข้ใหญ่'),
('120106', 'บางไผ่'),
('120108', 'บางกร่าง'),
('120109', 'เทศบาลตำบลไทรม้า'),
('120110', 'บางรักน้อย'),
('120203', 'บางสีทอง'),
('120204', 'บางขนุน'),
('120205', 'บางขุนกอง'),
('120207', 'มหาสวัสดิ์'),
('120232', 'เทศบาลตำบลศาลากลาง'),
('120301', 'เทศบาลตำบลบ้านบางม่วง'),
('120302', 'บางแม่นาง'),
('120303', 'เทศบาลตำบลบางเลน'),
('120304', 'เทศบาลตำบลเสาธงหิน'),
('120305', 'บางใหญ่'),
('120306', 'บ้านใหม่'),
('120402', 'บางบัวทอง'),
('120403', 'บางรักใหญ่'),
('120404', 'บางคูรัด'),
('120405', 'ละหาร'),
('120406', 'ลำโพ'),
('120407', 'พิมลราช'),
('120408', 'บางรักพัฒนา'),
('120501', 'ไทรน้อย'),
('120502', 'ราษฎร์นิยม'),
('120503', 'หนองเพรางาย'),
('120504', 'ไทรใหญ่'),
('120505', 'ขุนศรี'),
('120506', 'คลองขวาง'),
('120507', 'ทวีวัฒนา'),
('120605', 'บางตะไนย์'),
('120606', 'คลองพระอุดม'),
('120607', 'ท่าอิฐ'),
('120608', 'เกาะเกร็ด'),
('120609', 'อ้อมเกร็ด'),
('120610', 'คลองข่อย'),
('120611', 'บางพลับ'),
('130102', 'เทศบาลตำบลบ้านใหม่'),
('130103', 'เทศบาลตำบลบ้านกลาง'),
('130104', 'บ้านฉาง'),
('130105', 'บ้านกระแชง'),
('130106', 'เทศบาลตำบลบางขะแยง'),
('130108', 'บางหลวง'),
('130109', 'เทศบาลตำบลบางเดื่อ'),
('130110', 'บางพูด'),
('130111', 'เทศบาลตำบลบางพูน'),
('130113', 'สวนพริกไทย'),
('130114', 'เทศบาลตำบลหลักหก'),
('130203', 'คลองสาม'),
('130204', 'คลองสี่'),
('130205', 'คลองห้า'),
('130206', 'คลองหก'),
('130207', 'คลองเจ็ด'),
('130401', 'บึงบา'),
('130402', 'บึงบอน'),
('130403', 'บึงกาสาม'),
('130404', 'บึงชำอ้อ'),
('130405', 'หนองสามวัง'),
('130406', 'ศาลาครุ'),
('130407', 'นพรัตน์'),
('130501', 'ระแหง'),
('130502', 'ลาดหลุมแก้ว'),
('130503', 'คูบางหลวง'),
('130504', 'เทศบาลตำบลคูขวาง'),
('130505', 'เทศบาลตำบลคลองพระอุดม'),
('130506', 'บ่อเงิน'),
('130507', 'หน้าไม้'),
('130603', 'บึงคำพร้อย'),
('130604', 'ลำลูกกา'),
('130605', 'บึงทองหลาง'),
('130606', 'ลำไทร'),
('130607', 'บึงคอไห'),
('130608', 'พืชอุดม'),
('130701', 'บางเตย'),
('130702', 'คลองควาย'),
('130703', 'เทศบาลตำบลสามโคก'),
('130704', 'กระแชง'),
('130705', 'บางโพธิ์เหนือ'),
('130706', 'เชียงรากใหญ่'),
('130707', 'บ้านปทุม'),
('130708', 'บ้านงิ้ว'),
('130709', 'เชียงรากน้อย'),
('130710', 'บางกระบือ'),
('130711', 'ท้ายเกาะ'),
('140107', 'ปากกราน'),
('140108', 'ภูเขาทอง'),
('140109', 'สำเภาล่ม'),
('140110', 'สวนพริก'),
('140111', 'คลองตะเคียน'),
('140112', 'วัดตูม'),
('140113', 'หันตรา'),
('140114', 'ลุมพลี'),
('140115', 'บ้านใหม่'),
('140116', 'บ้านเกาะ'),
('140117', 'คลองสวนพลู'),
('140118', 'คลองสระบัว'),
('140119', 'เกาะเรียน'),
('140120', 'บ้านป้อม'),
('140121', 'บ้านรุน'),
('140202', 'จำปา'),
('140203', 'ท่าหลวง'),
('140204', 'บ้านร่อม'),
('140205', 'ศาลาลอย'),
('140206', 'วังแดง'),
('140207', 'โพธิ์เอน'),
('140208', 'ปากท่า'),
('140209', 'หนองขนาก'),
('140210', 'ท่าเจ้าสนุก'),
('140303', 'บ่อโพง'),
('140304', 'บ้านชุ้ง'),
('140305', 'ปากจั่น'),
('140306', 'บางระกำ'),
('140307', 'บางพระครู'),
('140308', 'แม่ลา'),
('140309', 'หนองปลิง'),
('140310', 'คลองสะแก'),
('140403', 'สนามชัย'),
('140404', 'บ้านแป้ง'),
('140405', 'หน้าไม้'),
('140406', 'บางยี่โท'),
('140407', 'แคออก'),
('140408', 'แคตก'),
('140409', 'ช่างเหล็ก'),
('140410', 'กระแชง'),
('140411', 'บ้านกลึง'),
('140412', 'ช้างน้อย'),
('140413', 'ห่อหมก'),
('140414', 'ไผ่พระ'),
('140415', 'กกแก้วบูรพา'),
('140416', 'ไม้ตรา'),
('140417', 'บ้านม้า'),
('140418', 'บ้านเกาะ'),
('140421', 'โพแตง'),
('140422', 'เชียงรากน้อย'),
('140423', 'โคกช้าง'),
('140506', 'กบเจา'),
('140507', 'บ้านคลัง'),
('140508', 'พระขาว'),
('140509', 'น้ำเต้า'),
('140510', 'ทางช้าง'),
('140511', 'วัดตะกู'),
('140512', 'บางหลวง'),
('140602', 'เชียงรากน้อย'),
('140603', 'บ้านโพ'),
('140604', 'บ้านกรด'),
('140605', 'บางกระสั้น'),
('140606', 'คลองจิก'),
('140607', 'บ้านหว้า'),
('140608', 'วัดยม'),
('140609', 'บางประแดง'),
('140610', 'สามเรือน'),
('140611', 'เกาะเกิด'),
('140612', 'บ้านพลับ'),
('140613', 'บ้านแป้ง'),
('140614', 'คุ้งลาน'),
('140615', 'ตลิ่งชัน'),
('140617', 'ตลาดเกรียบ'),
('140618', 'ขนอนหลวง'),
('140701', 'บางปะหัน'),
('140702', 'ขยาย'),
('140703', 'บางเดื่อ'),
('140704', 'เสาธง'),
('140705', 'ทางกลาง'),
('140706', 'บางเพลิง'),
('140707', 'หันสัง'),
('140708', 'บางนางร้า'),
('140709', 'ตานิม'),
('140710', 'ทับน้ำ'),
('140711', 'บ้านม้า'),
('140713', 'บ้านลี่'),
('140714', 'โพธิ์สามต้น'),
('140715', 'พุทเลา'),
('140716', 'ตาลเอน'),
('140717', 'บ้านขล้อ'),
('140801', 'ผักไห่'),
('140803', 'บ้านแค'),
('140804', 'ลาดน้ำเค็ม'),
('140806', 'ท่าดินแดง'),
('140807', 'ดอนลาน'),
('140808', 'นาคู'),
('140809', 'กุฎี'),
('140810', 'ลำตะเคียน'),
('140811', 'โคกช้าง'),
('140814', 'ลาดชิด'),
('140815', 'หน้าโคก'),
('140902', 'โคกม่วง'),
('140903', 'ระโสม'),
('140904', 'หนองน้ำใส'),
('140905', 'ดอนหญ้านาง'),
('140906', 'ไผ่ล้อม'),
('140907', 'กระจิว'),
('140908', 'พระแก้ว'),
('141001', 'ลาดบัวหลวง'),
('141002', 'หลักชัย'),
('141003', 'สามเมือง'),
('141004', 'พระยาบันลือ'),
('141005', 'สิงหนาท'),
('141006', 'คู้สลอด'),
('141007', 'คลองพระยาบันลือ'),
('141102', 'บ่อตาโล่'),
('141103', 'วังน้อย'),
('141104', 'ลำไทร'),
('141105', 'สนับทึบ'),
('141106', 'พยอม'),
('141107', 'หันตะเภา'),
('141108', 'วังจุฬา'),
('141109', 'ข้าวงาม'),
('141110', 'ชะแมบ'),
('141202', 'บ้านแพน'),
('141204', 'สามกอ'),
('141205', 'บางนมโค'),
('141207', 'มารวิชัย'),
('141208', 'บ้านโพธิ์'),
('141209', 'รางจรเข้'),
('141211', 'บ้านแถว'),
('141212', 'ชายนา'),
('141213', 'สามตุ่ม'),
('141214', 'ลาดงา'),
('141215', 'ดอนทอง'),
('141216', 'บ้านหลวง'),
('141301', 'บางซ้าย'),
('141302', 'แก้วฟ้า'),
('141303', 'เต่าเล่า'),
('141304', 'ปลายกลัด'),
('141305', 'เทพมงคล'),
('141306', 'วังพัฒนา'),
('141401', 'คานหาม'),
('141402', 'บ้านช้าง'),
('141403', 'สามบัณฑิต'),
('141404', 'บ้านหีบ'),
('141405', 'หนองไม้ซุง'),
('141406', 'อุทัย'),
('141407', 'เสนา'),
('141408', 'หนองน้ำส้ม'),
('141409', 'โพสาวหาญ'),
('141410', 'ธนู'),
('141411', 'ข้าวเม่า'),
('141502', 'กะทุ่ม'),
('141505', 'บางนา'),
('141509', 'บ้านนา'),
('141510', 'บ้านขวาง'),
('141511', 'ท่าตอ'),
('141512', 'บ้านใหม่'),
('141601', 'บ้านแพรก'),
('141602', 'บ้านใหม่'),
('141603', 'สำพะเนียง'),
('141604', 'คลองน้อย'),
('141605', 'สองห้อง'),
('150103', 'ศาลาแดง'),
('150104', 'ป่างิ้ว'),
('150105', 'บ้านแห'),
('150106', 'ตลาดกรวด'),
('150107', 'มหาดไทย'),
('150108', 'บ้านอิฐ'),
('150109', 'หัวไผ่'),
('150110', 'จำปาหล่อ'),
('150111', 'โพสะ'),
('150112', 'บ้านรี'),
('150113', 'คลองวัว'),
('150114', 'ย่านซื่อ'),
('150203', 'ชัยฤทธิ์'),
('150204', 'เทวราช'),
('150205', 'ราชสถิตย์'),
('150303', 'สายทอง'),
('150304', 'โรงช้าง'),
('150305', 'บางเสด็จ'),
('150306', 'นรสิงห์'),
('150307', 'เอกราช'),
('150308', 'โผงเผง'),
('150401', 'อ่างแก้ว'),
('150402', 'อินทประมูล'),
('150403', 'บางพลับ'),
('150404', 'หนองแม่ไก่'),
('150405', 'รำมะสัก'),
('150406', 'บางระกำ'),
('150407', 'โพธิ์รังนก'),
('150408', 'องครักษ์'),
('150409', 'โคกพุทรา'),
('150410', 'ยางช้าย'),
('150411', 'บ่อแร่'),
('150412', 'ทางพระ'),
('150413', 'สามง่าม'),
('150414', 'บางเจ้าฉ่า'),
('150415', 'คำหยาด'),
('150501', 'แสวงหา'),
('150502', 'ศรีพราน'),
('150503', 'บ้านพราน'),
('150504', 'วังน้ำเย็น'),
('150505', 'สีบัวทอง'),
('150506', 'ห้วยไผ่'),
('150507', 'จำลอง'),
('150601', 'ไผ่จำศิล'),
('150602', 'ศาลเจ้าโรงทอง'),
('150603', 'ไผ่ดำพัฒนา'),
('150604', 'สาวร้องไห้'),
('150605', 'ท่าช้าง'),
('150606', 'ยี่ล้น'),
('150607', 'บางจัก'),
('150608', 'ห้วยคันแหลน'),
('150609', 'คลองขนาก'),
('150610', 'ไผ่วง'),
('150611', 'สี่ร้อย'),
('150612', 'ม่วงเตี้ย'),
('150613', 'หัวตะพาน'),
('150614', 'หลักแก้ว'),
('150615', 'ตลาดใหม่'),
('150703', 'อบทม'),
('150704', 'โพธิ์ม่วงพันธ์'),
('160101', 'ทะเลชุบศร'),
('160103', 'เทศบาลตำบลกกโก'),
('160104', 'โก่งธนู'),
('160105', 'เทศบาลตำบลเขาพระงาม'),
('160107', 'โคกกะเทียม'),
('160108', 'โคกลำพาน'),
('160110', 'งิ้วราย'),
('160111', 'ดอนโพธิ์'),
('160112', 'ตะลุง'),
('160114', 'ท่าแค'),
('160117', 'บางขันหมาก'),
('160118', 'บ้านข่อย'),
('160119', 'ท้ายตลาด'),
('160120', 'ป่าตาล'),
('160121', 'พรหมมาสตร์'),
('160122', 'โพธิ์เก้าต้น'),
('160123', 'โพธิ์ตรุ'),
('160124', 'สี่คลอง'),
('160125', 'เทศบาลตำบลถนนใหญ่'),
('160150', 'เทศบาลตำบลท่าศาลา'),
('160201', 'พัฒนานิคม'),
('160202', 'ช่องสาริกา'),
('160203', 'มะนาวหวาน'),
('160204', 'เทศบาลตำบลดีลัง'),
('160205', 'โคกสลุง'),
('160206', 'ชอนน้อย'),
('160207', 'หนองบัว'),
('160208', 'ห้วยขุนราม'),
('160209', 'น้ำสุด'),
('160301', 'โคกสำโรง'),
('160302', 'เกาะแก้ว'),
('160303', 'ถลุงเหล็ก'),
('160304', 'หลุมข้าว'),
('160305', 'ห้วยโป่ง'),
('160306', 'คลองเกตุ'),
('160307', 'สะแกราบ'),
('160308', 'เพนียด'),
('160309', 'วังเพลิง'),
('160310', 'ดงมะรุม'),
('160318', 'วังขอนขว้าง'),
('160320', 'วังจั่น'),
('160322', 'หนองแขม'),
('160401', 'ลำนารายณ์'),
('160402', 'ชัยนารายณ์'),
('160403', 'ศิลาทิพย์'),
('160404', 'ห้วยหิน'),
('160405', 'ม่วงค่อม'),
('160406', 'บัวชุม'),
('160407', 'ท่าดินดำ'),
('160408', 'มะกอกหวาน'),
('160409', 'ซับตะเคียน'),
('160410', 'นาโสม'),
('160411', 'หนองยายโต๊ะ'),
('160412', 'เกาะรัง'),
('160414', 'ท่ามะนาว'),
('160417', 'นิคมลำนารายณ์'),
('160418', 'ชัยบาดาล'),
('160419', 'บ้านใหม่สามัคคี'),
('160422', 'เขาแหลม'),
('160501', 'ท่าวุ้ง'),
('160502', 'บางคู้'),
('160503', 'เทศบาลตำบลโพตลาดแก้ว'),
('160504', 'บางลี่'),
('160505', 'เทศบาลตำบลบางงา'),
('160506', 'เทศบาลตำบลโคกสลุด'),
('160507', 'เขาสมอคอน'),
('160508', 'หัวสำโรง'),
('160509', 'ลาดสาลี่'),
('160510', 'บ้านเบิก'),
('160511', 'มุจลินท์'),
('160601', 'ไผ่ใหญ่'),
('160602', 'บ้านทราย'),
('160603', 'บ้านกล้วย'),
('160604', 'ดงพลับ'),
('160605', 'บ้านชี'),
('160606', 'พุคา'),
('160607', 'หินปัก'),
('160608', 'บางพึ่ง'),
('160609', 'หนองทรายขาว'),
('160610', 'บางกะพี้'),
('160611', 'หนองเต่า'),
('160612', 'โพนทอง'),
('160613', 'บางขาม'),
('160614', 'ดอนดึง'),
('160615', 'ชอนม่วง'),
('160616', 'หนองกระเบียน'),
('160617', 'สายห้วยแก้ว'),
('160618', 'มหาสอน'),
('160620', 'เชียงงา'),
('160621', 'หนองเมือง'),
('160622', 'สนามแจง'),
('160701', 'ท่าหลวง'),
('160702', 'แก่งผักกูด'),
('160703', 'ซับจำปา'),
('160704', 'หนองผักแว่น'),
('160705', 'ทะเลวังวัด'),
('160706', 'หัวลำ'),
('160802', 'มหาโพธิ'),
('160803', 'ทุ่งท่าช้าง'),
('160804', 'ห้วยใหญ่'),
('160805', 'นิยมชัย'),
('160901', 'โคกเจริญ'),
('160902', 'ยางราก'),
('160903', 'หนองมะค่า'),
('160904', 'วังทอง'),
('160905', 'โคกแสมสาร'),
('161001', 'ลำสนธิ'),
('161002', 'ซับสมบูรณ์'),
('161003', 'หนองรี'),
('161004', 'กุดตาเพชร'),
('161005', 'เขารวก'),
('161006', 'เขาน้อย'),
('161101', 'หนองม่วง'),
('161102', 'บ่อทอง'),
('161103', 'ดงดินแดง'),
('161104', 'ชอนสมบูรณ์'),
('161105', 'ยางโทน'),
('161106', 'ชอนสารเดช'),
('170102', 'บางมัญ'),
('170103', 'โพกรวม'),
('170104', 'ม่วงหมู่'),
('170105', 'หัวไผ่'),
('170106', 'ต้นโพธิ์'),
('170107', 'จักรสีห์'),
('170108', 'บางกระบือ'),
('170201', 'สิงห์'),
('170202', 'ไม้ดัด'),
('170203', 'เชิงกลัด'),
('170204', 'โพชนไก่'),
('170205', 'แม่ลา'),
('170206', 'บ้านจ่า'),
('170207', 'พักทัน'),
('170208', 'สระแจง'),
('170301', 'โพทะเล'),
('170302', 'บางระจัน'),
('170303', 'โพสังโฆ'),
('170304', 'ท่าข้าม'),
('170305', 'คอทราย'),
('170306', 'หนองกระทุ่ม'),
('170401', 'พระงาม'),
('170404', 'บ้านหม้อ'),
('170405', 'บ้านแป้ง'),
('170406', 'หัวป่า'),
('170407', 'โรงช้าง'),
('170502', 'โพประจักษ์'),
('170503', 'วิหารขาว'),
('170601', 'อินทร์บุรี'),
('170602', 'ประศุก'),
('170603', 'ทับยา'),
('170604', 'งิ้วราย'),
('170605', 'ชีน้ำร้าย'),
('170606', 'ท่างาม'),
('170607', 'น้ำตาล'),
('170608', 'ทองเอน'),
('170609', 'ห้วยชัน'),
('170610', 'โพธิ์ชัย'),
('180102', 'บ้านกล้วย'),
('180103', 'ท่าชัย'),
('180104', 'ชัยนาท'),
('180105', 'เขาท่าพระ'),
('180106', 'หาดท่าเสา'),
('180107', 'ธรรมามูล'),
('180108', 'เสือโฮก'),
('180109', 'นางลือ'),
('180201', 'คุ้งสำเภา'),
('180202', 'วัดโคก'),
('180203', 'ศิลาดาน'),
('180204', 'ท่าฉนวน'),
('180206', 'ไร่พัฒนา'),
('180207', 'อู่ตะเภา'),
('180302', 'มะขามเฒ่า'),
('180303', 'หนองน้อย'),
('180304', 'หนองบัว'),
('180306', 'หนองขุ่น'),
('180307', 'บ่อแร่'),
('180311', 'วังหมัน'),
('180401', 'สรรพยา'),
('180402', 'ตลุก'),
('180403', 'เขาแก้ว'),
('180404', 'โพนางดำตก'),
('180405', 'โพนางดำออก'),
('180406', 'บางหลวง'),
('180407', 'หาดอาษา'),
('180501', 'แพรกศรีราชา'),
('180502', 'เที่ยงแท้'),
('180503', 'ห้วยกรด'),
('180504', 'โพงาม'),
('180505', 'บางขุด'),
('180506', 'ดงคอน'),
('180507', 'ดอนกำ'),
('180508', 'ห้วยกรดพัฒนา'),
('180601', 'หันคา'),
('180602', 'บ้านเชี่ยน'),
('180605', 'ไพรนกยูง'),
('180606', 'หนองแซง'),
('180607', 'ห้วยงู'),
('180608', 'วังไก่เถื่อน'),
('180609', 'เด่นใหญ่'),
('180611', 'สามง่ามท่าโบสถ์'),
('180701', 'หนองมะโมง'),
('180702', 'วังตะเคียน'),
('180703', 'สะพานหิน'),
('180704', 'กุดจอก'),
('180801', 'เนินขาม'),
('180802', 'กะบกเตี้ย'),
('180803', 'สุขเดือนห้า'),
('190105', 'ดาวเรือง'),
('190106', 'นาโฉง'),
('190107', 'โคกสว่าง'),
('190108', 'หนองโน'),
('190109', 'หนองยาว'),
('190110', 'ปากข้าวสาร'),
('190111', 'หนองปลาไหล'),
('190112', 'เทศบาลตำบลกุดนกเปล้า'),
('190113', 'ตลิ่งชัน'),
('190114', 'เทศบาลตำบลตะกุด'),
('190203', 'ตาลเดี่ยว'),
('190204', 'ห้วยแห้ง'),
('190205', 'ท่าคล้อ'),
('190206', 'หินซ้อน'),
('190207', 'บ้านธาตุ'),
('190208', 'บ้านป่า'),
('190209', 'ท่าตูม'),
('190210', 'ชะอม'),
('190211', 'สองคอน'),
('190212', 'เตาปูน'),
('190213', 'ชำผักแพว'),
('190215', 'ท่ามะปราง'),
('190302', 'กุ่มหัก'),
('190303', 'คชสิทธิ์'),
('190304', 'โคกตูม'),
('190305', 'โคกแย้'),
('190306', 'บัวลอย'),
('190307', 'เทศบาลตำบลไผ่ต่ำ'),
('190308', 'โพนทอง'),
('190309', 'ห้วยขมิ้น'),
('190310', 'ห้วยทราย'),
('190311', 'หนองไข่น้ำ'),
('190312', 'หนองแขม'),
('190313', 'หนองจิก'),
('190314', 'หนองจรเข้'),
('190315', 'หนองนาก'),
('190316', 'หนองปลาหมอ'),
('190317', 'หนองปลิง'),
('190318', 'หนองโรง'),
('190401', 'หนองหมู'),
('190402', 'บ้านลำ'),
('190403', 'คลองเรือ'),
('190404', 'วิหารแดง'),
('190405', 'หนองสรวง'),
('190406', 'เจริญธรรม'),
('190502', 'หนองควายโซ'),
('190503', 'หนองหัวโพ'),
('190504', 'หนองสีดา'),
('190505', 'หนองกบ'),
('190506', 'ไก่เส่า'),
('190507', 'โคกสะอาด'),
('190508', 'ม่วงหวาน'),
('190509', 'เขาดิน'),
('190601', 'บ้านหมอ'),
('190602', 'บางโขมด'),
('190603', 'สร่างโศก'),
('190604', 'เทศบาลตำบลตลาดน้อย'),
('190605', 'หรเทพ'),
('190606', 'โคกใหญ่'),
('190607', 'ไผ่ขวาง'),
('190609', 'หนองบัว'),
('190704', 'ดงตะงาว'),
('190801', 'หนองโดน'),
('190802', 'บ้านกลับ'),
('190803', 'ดอนทอง'),
('190804', 'บ้านโปร่ง'),
('190903', 'ธารเกษม'),
('190904', 'นายาว'),
('190905', 'พุคำจาน'),
('190906', 'เขาวง'),
('190907', 'ห้วยป่าหวาย'),
('190908', 'เทศบาลตำบลพุกร่าง'),
('190909', 'หนองแก'),
('191002', 'บ้านยาง'),
('191003', 'หัวปลวก'),
('191004', 'งิ้วงาม'),
('191005', 'ศาลารีไทย'),
('191006', 'เทศบาลตำบลต้นตาล-พระยาทด(ต้นตา'),
('191007', 'ท่าช้าง'),
('191008', 'เทศบาลตำบลต้นตาล-พระยาทด(พระยา'),
('191009', 'ม่วงงาม'),
('191010', 'เริงราง'),
('191011', 'เทศบาลตำบลเมืองเก่า'),
('191101', 'มวกเหล็ก'),
('191102', 'มิตรภาพ'),
('191104', 'หนองย่างเสือ'),
('191105', 'ลำสมพุง'),
('191107', 'ลำพญากลาง'),
('191109', 'ซับสนุ่น'),
('191201', 'แสลงพัน'),
('191202', 'เทศบาลตำบลคำพราน'),
('191203', 'วังม่วง'),
('191301', 'เขาดินพัฒนา'),
('191302', 'บ้านแก้ง'),
('191303', 'ผึ้งรวง'),
('191304', 'พุแค'),
('191305', 'ห้วยบง'),
('191306', 'หน้าพระลาน'),
('200106', 'หนองรี'),
('200107', 'เทศบาลตำบลนาป่า'),
('200108', 'หนองข้างคอก'),
('200109', 'เทศบาลตำบลดอนหัวฬ่อ'),
('200110', 'เทศบาลตำบลหนองไม้แดง'),
('200112', 'คลองตำหรุ'),
('200113', 'เทศบาลตำบลเหมือง'),
('200115', 'เทศบาลตำบลห้วยกะปิ'),
('200116', 'เทศบาลตำบลเสม็ด'),
('200118', 'สำนักบก'),
('200201', 'เทศบาลตำบลบ้านบึง'),
('200202', 'คลองกิ่ว'),
('200203', 'มาบไผ่'),
('200204', 'เทศบาลตำบลหนองซ้ำซาก'),
('200205', 'หนองบอนแดง'),
('200206', 'เทศบาลตำบลหนองชาก'),
('200207', 'หนองอิรุณ'),
('200208', 'หนองไผ่แก้ว'),
('200302', 'คลองพลู'),
('200303', 'หนองเสือช้าง'),
('200304', 'ห้างสูง'),
('200305', 'เขาซก'),
('200403', 'หนองปลาไหล'),
('200404', 'เทศบาลตำบลโป่ง'),
('200405', 'เขาไม้แก้ว'),
('200407', 'เทศบาลตำบลตะเคียนเตี้ย'),
('200501', 'พานทอง'),
('200503', 'มาบโป่ง'),
('200504', 'หนองกะขะ'),
('200505', 'หนองหงษ์'),
('200506', 'โคกขี้หนอน'),
('200507', 'บ้านเก่า'),
('200508', 'หน้าประดู่'),
('200509', 'บางนาง'),
('200510', 'เกาะลอย'),
('200511', 'บางหัก'),
('200602', 'หน้าพระธาตุ'),
('200603', 'วัดหลวง'),
('200604', 'บ้านเซิด'),
('200605', 'นาเริก'),
('200606', 'เทศบาลตำบลหมอนนาง'),
('200607', 'สระสี่เหลี่ยม'),
('200608', 'วัดโบสถ์'),
('200609', 'กุฎโง้ง'),
('200610', 'หัวถนน'),
('200611', 'ท่าข้าม'),
('200613', 'หนองปรือ'),
('200614', 'หนองขยาด'),
('200615', 'ทุ่งขวาง'),
('200616', 'หนองเหียง'),
('200617', 'นาวังหิน'),
('200618', 'บ้านช้าง'),
('200620', 'โคกเพลาะ'),
('200621', 'ไร่หลักทอง'),
('200622', 'นามะตูม'),
('200705', 'หนองขาม'),
('200706', 'เขาคันทรง'),
('200707', 'บางพระ'),
('200708', 'บ่อวิน'),
('200903', 'พลูตาหลวง'),
('200905', 'แสมสาร'),
('200907', 'เทศบาลตำบลเขตรอุดมศักดิ์'),
('200908', 'เทศบาลตำบลเขาชีจรรย์'),
('200909', 'เทศบาลตำบลเกล็ดแก้ว'),
('201001', 'บ่อทอง'),
('201002', 'วัดสุวรรณ'),
('201003', 'บ่อกวางทอง'),
('201004', 'เทศบาลตำบลธาตุทอง'),
('201005', 'เกษตรสุวรรณ'),
('201006', 'พลวงทอง'),
('201102', 'ท่าบุญมี'),
('201103', 'เทศบาลตำบลเกาะจันทร์'),
('210102', 'เชิงเนิน'),
('210103', 'ตะพง'),
('210105', 'เพ'),
('210106', 'แกลง'),
('210107', 'บ้านแลง'),
('210108', 'นาตาขวัญ'),
('210109', 'เนินพระ'),
('210110', 'กะเฉด'),
('210111', 'ทับมา'),
('210112', 'น้ำคอก'),
('210115', 'สำนักทอง'),
('210201', 'สำนักท้อน'),
('210202', 'พลา'),
('210203', 'บ้านฉาง'),
('210301', 'ทางเกวียน'),
('210302', 'วังหว้า'),
('210303', 'ชากโดน'),
('210304', 'เนินฆ้อ'),
('210307', 'กระแสบน'),
('210308', 'บ้านนา'),
('210309', 'ทุ่งควายกิน'),
('210310', 'กองดิน'),
('210311', 'คลองปูน'),
('210312', 'พังราด'),
('210313', 'ปากน้ำกระแส'),
('210317', 'ห้วยยาง'),
('210318', 'สองสลึง'),
('210401', 'วังจันทร์'),
('210402', 'ชุมแสง'),
('210403', 'ป่ายุบใน'),
('210404', 'พลงตาเอี่ยม'),
('210501', 'บ้านค่าย'),
('210502', 'หนองละลอก'),
('210503', 'หนองตะพาน'),
('210504', 'ตาขัน'),
('210505', 'บางบุตร'),
('210506', 'หนองบัว'),
('210507', 'ชากบก'),
('210601', 'ปลวกแดง'),
('210602', 'ตาสิทธิ์'),
('210603', 'ละหาร'),
('210604', 'แม่น้ำคู้'),
('210605', 'มาบยางพร'),
('210606', 'หนองไร่'),
('210701', 'น้ำเป็น'),
('210702', 'ห้วยทับมอญ'),
('210703', 'ชำฆ้อ'),
('210704', 'เขาน้อย'),
('210801', 'นิคมพัฒนา'),
('210802', 'มาบข่า'),
('210803', 'พนานิคม'),
('210804', 'มะขามคู่'),
('220103', 'คลองนารายณ์'),
('220104', 'เกาะขวาง'),
('220105', 'คมบาง'),
('220106', 'ท่าช้าง'),
('220108', 'บางกะจะ'),
('220109', 'แสลง'),
('220110', 'หนองบัว'),
('220111', 'พลับพลา'),
('220202', 'บ่อ'),
('220203', 'เกวียนหัก'),
('220204', 'ตะปอน'),
('220205', 'บางชัน'),
('220206', 'วันยาว'),
('220207', 'ซึ้ง'),
('220208', 'มาบไพ'),
('220209', 'วังสรรพรส'),
('220210', 'ตรอกนอง'),
('220211', 'ตกพรม'),
('220212', 'บ่อเวฬุ'),
('220303', 'สีพยา'),
('220304', 'บ่อพุ'),
('220305', 'พลอยแหวน'),
('220306', 'เขาวัว'),
('220307', 'เขาบายศรี'),
('220308', 'สองพี่น้อง'),
('220309', 'ทุ่งเบญจา'),
('220311', 'รำพัน'),
('220312', 'โขมง'),
('220313', 'ตะกาดเง้า'),
('220314', 'คลองขุด'),
('220324', 'เขาแก้ว'),
('220401', 'ทับไทร'),
('220402', 'โป่งน้ำร้อน'),
('220404', 'หนองตาคง'),
('220409', 'เทพนิมิต'),
('220410', 'คลองใหญ่'),
('220501', 'มะขาม'),
('220502', 'ท่าหลวง'),
('220504', 'วังแซ้ม'),
('220505', 'ตำบลปัถวี'),
('220506', 'ฉมัน'),
('220508', 'อ่างคีรี'),
('220602', 'เกาะเปริด'),
('220603', 'หนองชิ่ม'),
('220606', 'บางสระเก้า'),
('220607', 'บางกะไชย'),
('220701', 'ปะตง'),
('220702', 'ทุ่งขนาน'),
('220703', 'ทับช้าง'),
('220704', 'ทรายขาว'),
('220705', 'สะตอน'),
('220801', 'แก่งหางแมว'),
('220802', 'ขุนซ่อง'),
('220803', 'สามพี่น้อง'),
('220804', 'พวา'),
('220805', 'เขาวงกต'),
('220901', 'นายายอาม'),
('220902', 'วังโตนด'),
('220903', 'กระแจะ'),
('220904', 'สนามไชย'),
('220905', 'ช้างข้าม'),
('220906', 'วังใหม่'),
('221001', 'ชากไทย'),
('221002', 'พลวง'),
('221003', 'ตะเคียนทอง'),
('221004', 'คลองพลู'),
('221005', 'จันทเขลม'),
('230102', 'หนองเสม็ด'),
('230103', 'หนองโสน'),
('230104', 'หนองคันทรง'),
('230105', 'ห้วงน้ำขาว'),
('230106', 'อ่าวใหญ่'),
('230107', 'วังกระแจะ'),
('230108', 'ห้วยแร้ง'),
('230109', 'เนินทราย'),
('230111', 'ท่ากุ่ม'),
('230112', 'ตะกาง'),
('230113', 'ชำราก'),
('230114', 'แหลมกลัด'),
('230201', 'คลองใหญ่'),
('230202', 'ไม้รูด'),
('230301', 'เขาสมิง'),
('230302', 'แสนตุ้ง'),
('230303', 'วังตะเคียน'),
('230304', 'ท่าโสม'),
('230305', 'สะตอ'),
('230306', 'ประณีต'),
('230307', 'เทพนิมิต'),
('230308', 'ทุ่งนนทรี'),
('230401', 'บ่อพลอย'),
('230402', 'ช้างทูน'),
('230403', 'ด่านชุมพล'),
('230404', 'หนองบอน'),
('230405', 'นนทรีย์'),
('230501', 'แหลมงอบ'),
('230503', 'บางปิด'),
('230507', 'คลองใหญ่'),
('230601', 'เกาะหมาก'),
('230602', 'เกาะกูด'),
('230701', 'เกาะช้าง'),
('230702', 'เกาะช้างใต้'),
('240102', 'ท่าไข่'),
('240103', 'บ้านใหม่'),
('240104', 'คลองนา'),
('240105', 'บางตีนเป็ด'),
('240106', 'บางไผ่'),
('240107', 'คลองจุกกระเฌอ'),
('240108', 'บางแก้ว'),
('240109', 'บางขวัญ'),
('240110', 'คลองนครเนื่องเขต'),
('240111', 'วังตะเคียน'),
('240112', 'โสธร'),
('240113', 'บางพระ'),
('240114', 'บางกะไห'),
('240115', 'หนามแดง'),
('240116', 'คลองเปรง'),
('240117', 'คลองอุดมชลจร'),
('240118', 'คลองหลวงแพ่ง'),
('240119', 'บางเตย'),
('240204', 'บางสวน'),
('240208', 'บางกระเจ็ด'),
('240210', 'ท่าทองหลาง'),
('240211', 'สาวชะโงก'),
('240212', 'เสม็ดเหนือ'),
('240213', 'เสม็ดใต้'),
('240214', 'หัวไทร'),
('240301', 'บางน้ำเปรี้ยว'),
('240302', 'บางขนาก'),
('240303', 'สิงโตทอง'),
('240304', 'หมอนทอง'),
('240305', 'บึงน้ำรักษ์'),
('240307', 'โยธะกา'),
('240308', 'ดอนฉิมพลี'),
('240309', 'ศาลาแดง'),
('240310', 'โพรงอากาศ'),
('240401', 'เทศบาลตำบลบางปะกงพรหมเทพรังสรร'),
('240402', 'ท่าสะอ้าน'),
('240404', 'เทศบาลตำบลบางสมัคร'),
('240405', 'เทศบาลตำบลบางผึ้ง'),
('240406', 'บางเกลือ'),
('240407', 'สองคลอง'),
('240408', 'หนองจอก'),
('240411', 'หอมศีล'),
('240412', 'เขาดิน'),
('240502', 'เกาะไร่'),
('240503', 'คลองขุด'),
('240504', 'คลองบ้านโพธิ์'),
('240505', 'คลองประเวศ'),
('240506', 'ดอนทราย'),
('240507', 'เทพราช'),
('240508', 'ท่าพลับ'),
('240509', 'หนองตีนนก'),
('240510', 'หนองบัว'),
('240511', 'บางซ่อน'),
('240512', 'บางกรูด'),
('240513', 'แหลมประดู่'),
('240515', 'สนามจันทร์'),
('240516', 'เทศบาลตำบลแสนภูดาษ'),
('240517', 'สิบเอ็ดศอก'),
('240601', 'เกาะขนุน'),
('240603', 'พนมสารคาม'),
('240604', 'เมืองเก่า'),
('240605', 'หนองยาว'),
('240606', 'ท่าถ่าน'),
('240607', 'หนองแหน'),
('240608', 'เขาหินซ้อน'),
('240701', 'บางคา'),
('240702', 'เมืองใหม่'),
('240703', 'ดงน้อย'),
('240801', 'คู้ยายหมี'),
('240802', 'ท่ากระดาน'),
('240803', 'ทุ่งพระยา'),
('240805', 'ลาดกระทิง'),
('240901', 'แปลงยาว'),
('240903', 'หัวสำโรง'),
('240904', 'หนองไม้แก่น'),
('241001', 'ท่าตะเกียบ'),
('241002', 'คลองตะเกรา'),
('241101', 'ก้อนแก้ว'),
('241102', 'คลองเขื่อน'),
('241103', 'บางเล่า'),
('241104', 'บางโรง'),
('241105', 'บางตลาด'),
('250102', 'รอบเมือง'),
('250103', 'วัดโบสถ์'),
('250104', 'บางเดชะ'),
('250105', 'ท่างาม'),
('250106', 'บางบริบูรณ์'),
('250107', 'ดงพระราม'),
('250108', 'บ้านพระ'),
('250109', 'โคกไม้ลาย'),
('250110', 'ไม้เค็ด'),
('250111', 'ดงขี้เหล็ก'),
('250112', 'เนินหอม'),
('250113', 'โนนห้อม'),
('250201', 'กบินทร์'),
('250202', 'เมืองเก่า'),
('250203', 'วังดาล'),
('250204', 'นนทรี'),
('250205', 'ย่านรี'),
('250206', 'วังตะเคียน'),
('250207', 'หาดนางแก้ว'),
('250208', 'ลาดตะเคียน'),
('250209', 'บ้านนา'),
('250210', 'บ่อทอง'),
('250211', 'หนองกี่'),
('250212', 'นาแขม'),
('250213', 'เขาไม้แก้ว'),
('250214', 'วังท่าช้าง'),
('250301', 'นาดี'),
('250302', 'สำพันตา'),
('250303', 'สะพานหิน'),
('250304', 'ทุ่งโพธิ์'),
('250305', 'แก่งดินสอ'),
('250306', 'บุพราหมณ์'),
('250601', 'บ้านสร้าง'),
('250602', 'บางกระเบา'),
('250603', 'บางเตย'),
('250604', 'บางยาง'),
('250605', 'บางแตน'),
('250606', 'บางพลวง'),
('250607', 'บางปลาร้า'),
('250608', 'บางขาม'),
('250609', 'กระทุ่มแพ้ว'),
('250701', 'ประจันตคาม'),
('250702', 'เกาะลอย'),
('250703', 'บ้านหอย'),
('250704', 'หนองแสง'),
('250705', 'ดงบัง'),
('250706', 'คำโตนด'),
('250707', 'บุฝ้าย'),
('250708', 'หนองแก้ว'),
('250709', 'โพธิ์งาม'),
('250801', 'ศรีมหาโพธิ'),
('250802', 'สัมพันธ์'),
('250803', 'บ้านทาม'),
('250804', 'ท่าตูม'),
('250805', 'บางกุ้ง'),
('250806', 'ดงกระทงยาม'),
('250807', 'หนองโพรง'),
('250808', 'หัวหว้า'),
('250809', 'หาดยาง'),
('250810', 'กรอกสมบูรณ์'),
('250901', 'โคกปีบ'),
('250902', 'โคกไทย'),
('250903', 'คู้ลำพัน'),
('250904', 'ไผ่ชะเลือด'),
('260102', 'ท่าช้าง'),
('260103', 'บ้านใหญ่'),
('260104', 'วังกระโจม'),
('260105', 'ท่าทราย'),
('260106', 'ดอนยอ'),
('260107', 'ศรีจุฬา'),
('260108', 'ดงละคร'),
('260109', 'ศรีนาวา'),
('260110', 'สาริกา'),
('260111', 'หินตั้ง'),
('260112', 'เขาพระ'),
('260113', 'พรหมณี'),
('260201', 'เกาะหวาย'),
('260202', 'เกาะโพธิ์'),
('260203', 'ปากพลี'),
('260204', 'โคกกรวด'),
('260205', 'ท่าเรือ'),
('260206', 'หนองแสง'),
('260207', 'นาหินลาด'),
('260301', 'บ้านนา'),
('260302', 'บ้านพร้าว'),
('260303', 'บ้านพริก'),
('260304', 'อาษา'),
('260305', 'ทองหลาง'),
('260306', 'บางอ้อ'),
('260307', 'พิกุลออก'),
('260308', 'ป่าขะ'),
('260309', 'เขาเพิ่ม'),
('260310', 'ศรีกะอาง'),
('260401', 'พระอาจารย์'),
('260402', 'บึงศาล'),
('260403', 'ศีรษะกระบือ'),
('260404', 'โพธิ์แทน'),
('260405', 'บางสมบูรณ์'),
('260406', 'ทรายมูล'),
('260407', 'บางปลากด'),
('260408', 'บางลูกเสือ'),
('260409', 'องครักษ์'),
('260410', 'ชุมพล'),
('260411', 'คลองใหญ่'),
('270101', 'สระแก้ว'),
('270102', 'บ้านแก้ง'),
('270103', 'ศาลาลำดวน'),
('270104', 'โคกปี่ฆ้อง'),
('270105', 'ท่าแยก'),
('270106', 'ท่าเกษม'),
('270108', 'สระขวัญ'),
('270111', 'หนองบอน'),
('270201', 'คลองหาด'),
('270202', 'ไทยอุดม'),
('270203', 'ซับมะกรูด'),
('270204', 'ไทรเดี่ยว'),
('270205', 'คลองไก่เถื่อน'),
('270206', 'เบญจขร'),
('270207', 'ไทรทอง'),
('270301', 'ตาพระยา'),
('270302', 'ทัพเสด็จ'),
('270306', 'ทัพราช');
INSERT INTO `tb_subdistrict` (`subdistrict_id`, `subdistrict_name`) VALUES
('270307', 'ทัพไทย'),
('270309', 'โคคลาน'),
('270403', 'ตาหลังใน'),
('270405', 'คลองหินปูน'),
('270406', 'ทุ่งมหาเจริญ'),
('270501', 'วัฒนานคร'),
('270502', 'ท่าเกวียน'),
('270503', 'ผักขะ'),
('270504', 'โนนหมากเค็ง'),
('270505', 'หนองน้ำใส'),
('270506', 'ช่องกุ่ม'),
('270507', 'หนองแวง'),
('270508', 'แซร์ออ'),
('270509', 'หนองหมากฝ้าย'),
('270510', 'หนองตะเคียนบอน'),
('270511', 'ห้วยโจด'),
('270602', 'เมืองไผ่'),
('270603', 'หันทราย'),
('270604', 'คลองน้ำใส'),
('270605', 'ท่าข้าม'),
('270606', 'ป่าไร่'),
('270607', 'ทับพริก'),
('270608', 'บ้านใหม่หนองไทร'),
('270609', 'ผ่านศึก'),
('270610', 'หนองสังข์'),
('270611', 'คลองทับจันทร์'),
('270612', 'ฟากห้วย'),
('270613', 'บ้านด่าน'),
('270701', 'เขาฉกรรจ์'),
('270702', 'หนองหว้า'),
('270703', 'พระเพลิง'),
('270704', 'เขาสามสิบ'),
('270801', 'โคกสูง'),
('270802', 'หนองม่วง'),
('270803', 'หนองแวง'),
('270804', 'โนนหมากมุ่น'),
('270901', 'วังสมบูรณ์'),
('270902', 'วังใหม่'),
('270903', 'วังทอง'),
('300103', 'หนองจะบก'),
('300104', 'เทศบาลตำบลโคกสูง'),
('300105', 'มะเริง'),
('300106', 'หนองระเวียง'),
('300107', 'เทศบาลตำบลปรุใหญ่'),
('300108', 'หมื่นไวย'),
('300109', 'พลกรัง'),
('300112', 'บ้านเกาะ'),
('300113', 'บ้านใหม่'),
('300114', 'พุดซา'),
('300115', 'บ้านโพธิ์'),
('300116', 'จอหอ'),
('300117', 'โคกกรวด'),
('300118', 'ไชยมงคล'),
('300119', 'หนองบัวศาลา'),
('300120', 'สุรนารี'),
('300121', 'สีมุม'),
('300122', 'ตลาด'),
('300123', 'พะเนา'),
('300124', 'หนองกระทุ่ม'),
('300125', 'เทศบาลตำบลหนองไข่น้ำ'),
('300175', 'เทศบาลตำบลหนองไผ่ล้อม'),
('300177', 'เทศบาลตำบลหัวทะเล'),
('300178', 'เทศบาลตำบลโพธิ์กลาง'),
('300201', 'แชะ'),
('300202', 'เฉลียง'),
('300203', 'ครบุรี'),
('300204', 'โคกกระชาย'),
('300205', 'จระเข้หิน'),
('300206', 'มาบตะโกเอน'),
('300207', 'เทศบาลตำบลอรพิมพ์'),
('300208', 'บ้านใหม่'),
('300209', 'ลำเพียก'),
('300210', 'เทศบาลตำบลครบุรีใต้'),
('300211', 'ตะแบกบาน'),
('300212', 'สระว่านพระยา'),
('300301', 'เสิงสาง'),
('300302', 'สระตะเคียน'),
('300303', 'โนนสมบูรณ์'),
('300304', 'กุดโบสถ์'),
('300305', 'สุขไพบูลย์'),
('300306', 'บ้านราษฎร์'),
('300401', 'เมืองคง'),
('300402', 'คูขาด'),
('300403', 'เทพาลัย'),
('300404', 'ตาจั่น'),
('300405', 'บ้านปรางค์'),
('300406', 'หนองมะนาว'),
('300407', 'หนองบัว'),
('300408', 'โนนเต็ง'),
('300409', 'ดอนใหญ่'),
('300410', 'ขามสมบูรณ์'),
('300501', 'บ้านเหลื่อม'),
('300502', 'วังโพธิ์'),
('300503', 'โคกกระเบื้อง'),
('300504', 'ช่อระกา'),
('300601', 'จักราช'),
('300603', 'ทองหลาง'),
('300604', 'สีสุก'),
('300605', 'หนองขาม'),
('300607', 'หนองพลวง'),
('300610', 'ศรีละกอ'),
('300611', 'คลองเมือง'),
('300613', 'หินโคน'),
('300701', 'กระโทก'),
('300702', 'พลับพลา'),
('300703', 'ท่าอ่าง'),
('300704', 'ทุ่งอรุณ'),
('300705', 'ท่าลาดขาว'),
('300706', 'ท่าจะหลุง'),
('300708', 'โชคชัย'),
('300709', 'ละลมใหม่พัฒนา'),
('300710', 'ด่านเกวียน'),
('300765', 'เทศบาลตำบลท่าเยี่ยม'),
('300801', 'กุดพิมาน'),
('300802', 'ด่านขุนทด'),
('300803', 'ด่านนอก'),
('300804', 'ด่านใน'),
('300805', 'ตะเคียน'),
('300806', 'บ้านเก่า'),
('300807', 'บ้านแปรง'),
('300808', 'พันชนะ'),
('300809', 'สระจรเข้'),
('300810', 'หนองกราด'),
('300811', 'หนองบัวตะเกียด'),
('300812', 'หนองบัวละคร'),
('300813', 'หินดาด'),
('300815', 'ห้วยบง'),
('300817', 'โนนเมืองพัฒนา'),
('300818', 'หนองไทร'),
('300901', 'โนนไทย'),
('300902', 'ด่านจาก'),
('300903', 'กำปัง'),
('300904', 'สำโรง'),
('300905', 'ค้างพลู'),
('300906', 'บ้านวัง'),
('300907', 'บัลลังก์'),
('300908', 'สายออ'),
('300909', 'ถนนโพธิ์'),
('300914', 'มะค่า'),
('301001', 'ใหม่'),
('301002', 'โตนด'),
('301003', 'บิง'),
('301004', 'ดอนชมพู'),
('301005', 'ธารปราสาท'),
('301006', 'หลุมข้าว'),
('301007', 'มะค่า'),
('301008', 'พลสงคราม'),
('301009', 'จันอัด'),
('301010', 'ขามเฒ่า'),
('301011', 'ด่านคล้า'),
('301012', 'ลำคอหงษ์'),
('301013', 'เมืองปราสาท'),
('301014', 'ดอนหวาย'),
('301015', 'ลำมูล'),
('301101', 'ขามสะแกแสง'),
('301102', 'เทศบาลตำบลโนนเมือง'),
('301103', 'เมืองนาท'),
('301104', 'ชีวึก'),
('301105', 'พะงาด'),
('301106', 'หนองหัวฟาน'),
('301107', 'เมืองเกษตร'),
('301201', 'บัวใหญ่'),
('301203', 'ห้วยยาง'),
('301204', 'เสมาใหญ่'),
('301206', 'ดอนตะหนิน'),
('301207', 'หนองบัวสะอาด'),
('301208', 'โนนทองหลาง'),
('301214', 'กุดจอก'),
('301215', 'ด่านช้าง'),
('301220', 'ขุนทอง'),
('301224', 'หนองแจ้งใหญ่'),
('301301', 'ประทาย'),
('301303', 'กระทุ่มราย'),
('301304', 'วังไม้แดง'),
('301306', 'ตลาดไทร'),
('301307', 'หนองพลวง'),
('301308', 'หนองค่าย'),
('301309', 'หันห้วยทราย'),
('301310', 'ดอนมัน'),
('301313', 'นางรำ'),
('301314', 'โนนเพ็ด'),
('301315', 'ทุ่งสว่าง'),
('301317', 'โคกกลาง'),
('301318', 'เมืองโดน'),
('301401', 'เมืองปัก'),
('301402', 'ตะคุ'),
('301403', 'โคกไทย'),
('301404', 'สำโรง'),
('301405', 'ตะขบ'),
('301406', 'นกออก'),
('301407', 'ดอน'),
('301409', 'ตูม'),
('301410', 'งิ้ว'),
('301411', 'สะแกราช'),
('301412', 'ลำนางแก้ว'),
('301416', 'ภูหลวง'),
('301417', 'ธงชัยเหนือ'),
('301418', 'สุขเกษม'),
('301419', 'เกษมทรัพย์'),
('301420', 'บ่อปลาทอง'),
('301501', 'ในเมือง'),
('301502', 'สัมฤทธิ์'),
('301503', 'โบสถ์'),
('301504', 'กระเบื้องใหญ่'),
('301505', 'ท่าหลวง'),
('301506', 'รังกาใหญ่'),
('301507', 'ชีวาน'),
('301508', 'นิคมสร้างตนเอง'),
('301509', 'กระชอน'),
('301510', 'ดงใหญ่'),
('301511', 'ธารละหลอด'),
('301512', 'หนองระเวียง'),
('301601', 'ห้วยแถลง'),
('301602', 'ทับสวาย'),
('301603', 'เมืองพลับพลา'),
('301604', 'หลุ่งตะเคียน'),
('301605', 'หินดาด'),
('301606', 'งิ้ว'),
('301607', 'กงรถ'),
('301608', 'หลุ่งประดู่'),
('301609', 'ตะโก'),
('301610', 'ห้วยแคน'),
('301701', 'ชุมพวง'),
('301702', 'ประสุข'),
('301703', 'ท่าลาด'),
('301704', 'สาหร่าย'),
('301705', 'ตลาดไทร'),
('301710', 'โนนรัง'),
('301714', 'หนองหลัก'),
('301716', 'โนนตูม'),
('301717', 'โนนยอ'),
('301801', 'สูงเนิน'),
('301802', 'เสมา'),
('301803', 'โคราช'),
('301804', 'บุ่งขี้เหล็ก'),
('301805', 'โนนค่า'),
('301806', 'โค้งยาง'),
('301807', 'มะเกลือเก่า'),
('301808', 'มะเกลือใหม่'),
('301809', 'นากลาง'),
('301810', 'หนองตะไก้'),
('301811', 'กุดจิก'),
('301901', 'ขามทะเลสอ'),
('301902', 'โป่งแดง'),
('301903', 'พันดุง'),
('301904', 'หนองสรวง'),
('301905', 'บึงอ้อ'),
('302001', 'สีคิ้ว'),
('302002', 'บ้านหัน'),
('302003', 'กฤษณา'),
('302004', 'ลาดบัวขาว'),
('302005', 'หนองหญ้าขาว'),
('302006', 'กุดน้อย'),
('302008', 'วังโรงใหญ่'),
('302009', 'มิตรภาพ'),
('302010', 'คลองไผ่'),
('302011', 'ดอนเมือง'),
('302012', 'หนองบัวน้อย'),
('302071', 'เทศบาลตำบลหนองน้ำใส'),
('302101', 'ปากช่อง'),
('302102', 'สีมามงคล'),
('302103', 'จันทึก'),
('302104', 'วังกะทะ'),
('302105', 'หมูสี'),
('302106', 'หนองสาหร่าย'),
('302107', 'ขนงพระ'),
('302108', 'โป่งตาลอง'),
('302109', 'คลองม่วง'),
('302110', 'หนองน้ำแดง'),
('302111', 'วังไทร'),
('302112', 'พญาเย็น'),
('302201', 'หนองบุนนาก'),
('302202', 'สารภี'),
('302203', 'ไทยเจริญ'),
('302204', 'หนองหัวแรต'),
('302205', 'แหลมทอง'),
('302206', 'หนองตะไก้'),
('302207', 'ลุงเขว้า'),
('302208', 'หนองไม้ไผ่'),
('302209', 'บ้านใหม่'),
('302301', 'แก้งสนามนาง'),
('302302', 'โนนสำราญ'),
('302303', 'บึงพะไล'),
('302304', 'สีสุก'),
('302305', 'บึงสำโรง'),
('302401', 'โนนแดง'),
('302402', 'โนนตาเถร'),
('302403', 'สำพะเนียง'),
('302404', 'วังหิน'),
('302405', 'ดอนยาวใหญ่'),
('302501', 'วังน้ำเขียว'),
('302502', 'วังหมี'),
('302503', 'ระเริง'),
('302504', 'อุดมทรัพย์'),
('302505', 'ไทยสามัคคี'),
('302601', 'สำนักตะคร้อ'),
('302602', 'หนองแวง'),
('302603', 'บึงปรือ'),
('302604', 'วังยายทอง'),
('302701', 'เมืองยาง'),
('302702', 'กระเบื้องนอก'),
('302703', 'ละหานปลาค้าว'),
('302704', 'โนนอุดม'),
('302801', 'สระพระ'),
('302802', 'มาบกราด'),
('302803', 'พังเทียม'),
('302804', 'ทัพรั้ง'),
('302805', 'หนองหอย'),
('302901', 'ขุย'),
('302902', 'บ้านยาง'),
('302903', 'ช่องแมว'),
('302904', 'ไพล'),
('303001', 'หนองหว้า'),
('303002', 'โนนจาน'),
('303003', 'บัวลาย'),
('303004', 'เมืองพะไล'),
('303101', 'สีดา'),
('303102', 'โพนทอง'),
('303103', 'โนนประดู่'),
('303104', 'สามเมือง'),
('303105', 'หนองตาดใหญ่'),
('303201', 'ช้างทอง'),
('303202', 'ท่าช้าง'),
('303203', 'พระพุทธ'),
('303204', 'หนองงูเหลือม'),
('303205', 'หนองยาง'),
('310102', 'อิสาณ'),
('310103', 'เสม็ด'),
('310104', 'บ้านบัว'),
('310105', 'สะแกโพรง'),
('310106', 'สวายจีก'),
('310108', 'บ้านยาง'),
('310112', 'พระครู'),
('310113', 'ถลุงเหล็ก'),
('310114', 'หนองตาด'),
('310117', 'ลุมปุ๊ก'),
('310118', 'สองห้อง'),
('310119', 'บัวทอง'),
('310120', 'ชุมเห็ด'),
('310122', 'หลักเขต'),
('310125', 'สะแกซำ'),
('310126', 'กลันทา'),
('310127', 'กระสัง'),
('310128', 'เมืองฝาง'),
('310201', 'คูเมือง'),
('310202', 'ปะเคียบ'),
('310203', 'บ้านแพ'),
('310204', 'พรสำราญ'),
('310205', 'หินเหล็กไฟ'),
('310206', 'ตูมใหญ่'),
('310207', 'หนองขมาร'),
('310301', 'กระสัง'),
('310302', 'ลำดวน'),
('310303', 'สองชั้น'),
('310304', 'สูงเนิน'),
('310305', 'หนองเต็ง'),
('310306', 'เมืองไผ่'),
('310307', 'ชุมแสง'),
('310308', 'บ้านปรือ'),
('310309', 'ห้วยสำราญ'),
('310310', 'กันทรารมย์'),
('310311', 'ศรีภูมิ'),
('310401', 'นางรอง'),
('310403', 'สะเดา'),
('310405', 'ชุมแสง'),
('310406', 'หนองโบสถ์'),
('310408', 'หนองกง'),
('310413', 'ถนนหัก'),
('310414', 'หนองไทร'),
('310415', 'ก้านเหลือง'),
('310416', 'บ้านสิงห์'),
('310417', 'ลำไทรโยง'),
('310418', 'ทรัพย์พระยา'),
('310424', 'หนองยายพิมพ์'),
('310425', 'หัวถนน'),
('310426', 'ทุ่งแสงทอง'),
('310427', 'หนองโสน'),
('310501', 'หนองกี่'),
('310502', 'เย้ยปราสาท'),
('310503', 'เมืองไผ่'),
('310504', 'ดอนอะราง'),
('310505', 'โคกสว่าง'),
('310506', 'ทุ่งกระตาดพัฒนา'),
('310507', 'ทุ่งกระเต็น'),
('310508', 'ท่าโพธิ์ชัย'),
('310509', 'โคกสูง'),
('310510', 'บุกระสัง'),
('310601', 'ละหานทราย'),
('310603', 'ตาจง'),
('310604', 'สำโรงใหม่'),
('310607', 'หนองแวง'),
('310610', 'หนองตะครอง'),
('310611', 'โคกว่าน'),
('310701', 'ประโคนชัย'),
('310702', 'แสลงโทน'),
('310703', 'บ้านไทร'),
('310705', 'ละเวี้ย'),
('310706', 'จรเข้มาก'),
('310707', 'ปังกู'),
('310708', 'โคกย่าง'),
('310710', 'โคกม้า'),
('310713', 'ไพศาล'),
('310714', 'ตะโกตาพิ'),
('310715', 'เขาคอก'),
('310716', 'หนองบอน'),
('310718', 'โคกมะขาม'),
('310719', 'โคกตูม'),
('310720', 'ประทัดบุ'),
('310721', 'สี่เหลี่ยม'),
('310801', 'บ้านกรวด'),
('310802', 'โนนเจริญ'),
('310803', 'หนองไม้งาม'),
('310804', 'ปราสาท'),
('310805', 'สายตะกู'),
('310806', 'หินลาด'),
('310807', 'บึงเจริญ'),
('310808', 'จันทบเพชร'),
('310809', 'เขาดินเหนือ'),
('310901', 'พุทไธสง'),
('310902', 'มะเฟือง'),
('310903', 'บ้านจาน'),
('310906', 'บ้านเป้า'),
('310907', 'บ้านแวง'),
('310909', 'บ้านยาง'),
('310910', 'หายโศก'),
('311002', 'หนองคู'),
('311003', 'แสลงพัน'),
('311004', 'ทะเมนชัย'),
('311005', 'ตลาดโพธิ์'),
('311006', 'หนองกะทิง'),
('311007', 'โคกกลาง'),
('311008', 'โคกสะอาด'),
('311009', 'เมืองแฝก'),
('311010', 'บ้านยาง'),
('311011', 'ผไทรินทร์'),
('311012', 'โคกล่าม'),
('311013', 'หินโคน'),
('311014', 'หนองบัวโคก'),
('311015', 'บุโพธิ์'),
('311016', 'หนองโดน'),
('311101', 'สตึก'),
('311102', 'นิคม'),
('311103', 'ทุ่งวัง'),
('311104', 'เมืองแก'),
('311105', 'หนองใหญ่'),
('311106', 'ร่อนทอง'),
('311109', 'ดอนมนต์'),
('311110', 'ชุมแสง'),
('311111', 'ท่าม่วง'),
('311112', 'สะแก'),
('311114', 'สนามชัย'),
('311115', 'กระสัง'),
('311201', 'ปะคำ'),
('311202', 'ไทยเจริญ'),
('311203', 'หนองบัว'),
('311204', 'โคกมะม่วง'),
('311205', 'หูทำนบ'),
('311301', 'นาโพธิ์'),
('311302', 'บ้านคู'),
('311303', 'บ้านดู่'),
('311304', 'ดอนกอก'),
('311305', 'ศรีสว่าง'),
('311401', 'สระแก้ว'),
('311402', 'ห้วยหิน'),
('311403', 'ไทยสามัคคี'),
('311404', 'หนองชัยศรี'),
('311405', 'เสาเดียว'),
('311406', 'เมืองฝ้าย'),
('311407', 'สระทอง'),
('311501', 'จันดุม'),
('311502', 'โคกขมิ้น'),
('311503', 'ป่าชัน'),
('311504', 'สะเดา'),
('311505', 'สำโรง'),
('311601', 'ห้วยราช'),
('311602', 'สามแวง'),
('311603', 'ตาเสา'),
('311604', 'บ้านตะโก'),
('311605', 'สนวน'),
('311606', 'โคกเหล็ก'),
('311607', 'เมืองโพธิ์'),
('311701', 'โนนสุวรรณ'),
('311702', 'ทุ่งจังหัน'),
('311703', 'โกรกแก้ว'),
('311704', 'ดงอีจาน'),
('311801', 'ชำนิ'),
('311802', 'หนองปล่อง'),
('311803', 'เมืองยาง'),
('311804', 'ช่อผกา'),
('311805', 'ละลวด'),
('311806', 'โคกสนวน'),
('311901', 'หนองแวง'),
('311902', 'ทองหลาง'),
('311903', 'แดงใหญ่'),
('311904', 'กู่สวนแตง'),
('311905', 'หนองเยือง'),
('312001', 'โนนดินแดง'),
('312002', 'ส้มป่อย'),
('312003', 'ลำนางรอง'),
('312101', 'บ้านด่าน'),
('312102', 'ปราสาท'),
('312103', 'วังเหนือ'),
('312104', 'โนนขวาง'),
('312201', 'แคนดง'),
('312202', 'ดงพลอง'),
('312203', 'สระบัว'),
('312204', 'หัวฝาย'),
('312301', 'เจริญสุข'),
('312303', 'อีสานเขต'),
('312304', 'ถาวร'),
('312305', 'ยายแย้มวัฒนา'),
('320102', 'ตั้งใจ'),
('320103', 'เพี้ยราม'),
('320104', 'นาดี'),
('320105', 'ท่าสว่าง'),
('320106', 'สลักได'),
('320107', 'ตาอ็อง'),
('320109', 'สำโรง'),
('320110', 'แกใหญ่'),
('320111', 'นอกเมือง'),
('320112', 'คอโค'),
('320113', 'สวาย'),
('320114', 'เฉนียง'),
('320116', 'เทนมีย์'),
('320118', 'นาบัว'),
('320119', 'เมืองที'),
('320120', 'ราม'),
('320121', 'บุฤาษี'),
('320122', 'ตระแสง'),
('320125', 'แสลงพันธ์'),
('320126', 'กาเกาะ'),
('320201', 'ชุมพลบุรี(เทศบาลทุ่งศรีชุมพล)'),
('320202', 'นาหนองไผ่'),
('320203', 'ไพรขลา'),
('320204', 'ศรีณรงค์'),
('320205', 'ยะวึก(เทศบาลตำบล)'),
('320206', 'เมืองบัว'),
('320207', 'สระขุด(เทศบาลตำบล)'),
('320208', 'กระเบื้อง'),
('320209', 'หนองเรือ'),
('320301', 'ท่าตูม'),
('320302', 'กระโพ'),
('320303', 'พรมเทพ'),
('320304', 'โพนครก'),
('320305', 'เมืองแก(เทศบาลตำบล)'),
('320306', 'บะ'),
('320307', 'หนองบัว'),
('320308', 'บัวโคก'),
('320309', 'หนองเมธี'),
('320310', 'ทุ่งกุลา'),
('320401', 'จอมพระ'),
('320402', 'เมืองลีง'),
('320403', 'กระหาด'),
('320404', 'บุแกรง'),
('320405', 'หนองสนิท'),
('320406', 'บ้านผือ'),
('320407', 'ลุ่มระวี'),
('320408', 'ชุมแสง'),
('320409', 'เป็นสุข'),
('320501', 'กังแอน'),
('320502', 'ทมอ'),
('320503', 'ไพล'),
('320504', 'ปรือ'),
('320505', 'ทุ่งมน'),
('320506', 'ตาเบา'),
('320507', 'หนองใหญ่'),
('320508', 'โคกยาง'),
('320509', 'โคกสะอาด'),
('320510', 'บ้านไทร'),
('320511', 'โชคนาสาม'),
('320512', 'เชื้อเพลิง'),
('320513', 'ปราสาททนง'),
('320514', 'ตานี'),
('320515', 'บ้านพลวง'),
('320516', 'กันตวจระมวล'),
('320517', 'สมุด'),
('320518', 'ประทัดบุ'),
('320601', 'กาบเชิง'),
('320604', 'คูตัน'),
('320605', 'ด่าน'),
('320606', 'แนงมุด'),
('320607', 'โคกตะเคียน'),
('320610', 'ตะเคียน'),
('320701', 'รัตนบุรี'),
('320702', 'ธาตุ'),
('320703', 'แก'),
('320704', 'ดอนแรด'),
('320705', 'หนองบัวทอง'),
('320706', 'หนองบัวบาน'),
('320709', 'ไผ่'),
('320711', 'เบิด'),
('320713', 'น้ำเขียว'),
('320714', 'กุดขาคีม'),
('320715', 'ยางสว่าง'),
('320716', 'ทับใหญ่'),
('320801', 'สนม'),
('320802', 'โพนโก'),
('320803', 'หนองระฆัง'),
('320804', 'นานวน'),
('320805', 'แคน(เทศบาลตำบล)'),
('320806', 'หัวงัว'),
('320807', 'หนองอียอ'),
('320901', 'ระแงง'),
('320902', 'ตรึม'),
('320903', 'จารพัต'),
('320904', 'ยาง'),
('320905', 'แตล'),
('320906', 'หนองบัว'),
('320907', 'คาละแมะ'),
('320908', 'หนองเหล็ก'),
('320909', 'หนองขวาว'),
('320910', 'ช่างปี่'),
('320911', 'กุดหวาย'),
('320912', 'ขวาวใหญ่'),
('320913', 'นารุ่ง'),
('320914', 'ตรมไพร'),
('320915', 'ผักไหม'),
('321001', 'สังขะ'),
('321002', 'ขอนแตก'),
('321006', 'ดม'),
('321007', 'พระแก้ว'),
('321008', 'บ้านจารย์'),
('321009', 'กระเทียม'),
('321010', 'สะกาด'),
('321011', 'ตาตุม'),
('321012', 'ทับทัน'),
('321013', 'ตาคง'),
('321015', 'บ้านชบ'),
('321017', 'เทพรักษา'),
('321101', 'ลำดวน'),
('321102', 'โชคเหนือ'),
('321103', 'อู่โลก'),
('321104', 'ตรำดม'),
('321105', 'ตระเปียงเตีย'),
('321201', 'สำโรงทาบ'),
('321202', 'หนองไผ่ล้อม'),
('321203', 'กระออม'),
('321204', 'หนองฮะ'),
('321205', 'ศรีสุข'),
('321206', 'เกาะแก้ว'),
('321207', 'หมื่นศรี'),
('321208', 'เสม็จ'),
('321209', 'สะโน'),
('321210', 'ประดู่'),
('321301', 'บัวเชด'),
('321302', 'สะเดา'),
('321303', 'จรัส'),
('321304', 'ตาวัง'),
('321305', 'อาโพน'),
('321306', 'สำเภาลูน'),
('321401', 'บักได'),
('321402', 'โคกกลาง'),
('321403', 'จีกแดก'),
('321404', 'ตาเมียง'),
('321501', 'ณรงค์'),
('321502', 'แจนแวน'),
('321503', 'ตรวจ'),
('321504', 'หนองแวง'),
('321505', 'ศรีสุข'),
('321601', 'เขวาสินรินทร์'),
('321602', 'บึง'),
('321603', 'ตากูก'),
('321604', 'ปราสาททอง'),
('321605', 'บ้านแร่'),
('321701', 'หนองหลวง'),
('321702', 'คำผง'),
('321703', 'โนน'),
('321704', 'ระเวียง'),
('321705', 'หนองเทพ'),
('330103', 'คูซอด'),
('330104', 'ซำ'),
('330105', 'จาน'),
('330106', 'ตะดอบ'),
('330107', 'หนองครก'),
('330111', 'โพนข่า'),
('330112', 'โพนค้อ'),
('330115', 'โพนเขวา'),
('330116', 'หญ้าปล้อง'),
('330118', 'ทุ่ม'),
('330119', 'หนองไฮ'),
('330121', 'หนองแก้ว'),
('330122', 'น้ำคำ'),
('330123', 'โพธิ์'),
('330124', 'หมากเขียบ'),
('330127', 'หนองไผ่'),
('330202', 'ลิ้นฟ้า'),
('330203', 'คอนกาม'),
('330204', 'โนนคูณ'),
('330205', 'กุดเมืองฮาม'),
('330206', 'บึงบอน'),
('330207', 'ยางชุมใหญ่'),
('330301', 'ดูน'),
('330302', 'โนนสัง'),
('330303', 'หนองหัวช้าง'),
('330304', 'ยาง'),
('330305', 'หนองแวง'),
('330306', 'หนองแก้ว'),
('330307', 'ทาม'),
('330308', 'ละทาย'),
('330309', 'เมืองน้อย'),
('330310', 'อีปาด'),
('330311', 'บัวน้อย'),
('330312', 'หนองบัว'),
('330313', 'ดู่'),
('330314', 'ผักแพว'),
('330315', 'จาน'),
('330320', 'คำเนียม'),
('330401', 'บึงมะลู'),
('330402', 'กุดเสลา'),
('330403', 'เมือง'),
('330405', 'สังเม็ก'),
('330406', 'น้ำอ้อม'),
('330407', 'ละลาย'),
('330408', 'รุง'),
('330409', 'ตระกาจ'),
('330411', 'จานใหญ่'),
('330412', 'ภูเงิน'),
('330413', 'ชำ'),
('330414', 'กระแชง'),
('330415', 'โนนสำราญ'),
('330416', 'หนองหญ้าลาด'),
('330419', 'เสาธงชัย'),
('330420', 'ขนุน'),
('330421', 'สวนกล้วย'),
('330423', 'เวียงเหนือ'),
('330424', 'ทุ่งใหญ่'),
('330425', 'ภูผาหมอก'),
('330501', 'กันทรารมย์'),
('330502', 'จะกง'),
('330503', 'ใจดี'),
('330504', 'ดองกำเม็ด'),
('330505', 'โสน'),
('330506', 'ปรือใหญ่'),
('330507', 'สะเดาใหญ่'),
('330508', 'ตาอุด'),
('330509', 'ห้วยเหนือ'),
('330510', 'ห้วยใต้'),
('330511', 'หัวเสือ'),
('330513', 'ตะเคียน'),
('330515', 'นิคมพัฒนา'),
('330517', 'โคกเพชร'),
('330518', 'ปราสาท'),
('330521', 'สำโรงตาเจ็น'),
('330522', 'ห้วยสำราญ'),
('330524', 'กฤษณา'),
('330525', 'ลมศักดิ์'),
('330526', 'หนองฉลอง'),
('330527', 'ศรีตระกูล'),
('330528', 'ศรีสะอาด'),
('330601', 'ไพรบึง'),
('330602', 'ดินแดง'),
('330603', 'ปราสาทเยอ'),
('330604', 'สำโรงพลัน'),
('330605', 'สุขสวัสดิ์'),
('330606', 'โนนปูน'),
('330701', 'พิมาย'),
('330702', 'กู่'),
('330703', 'หนองเชียงทูน'),
('330704', 'ตูม'),
('330705', 'สมอ'),
('330706', 'โพธิ์ศรี'),
('330707', 'สำโรงปราสาท'),
('330708', 'ดู่'),
('330709', 'สวาย'),
('330710', 'พิมายเหนือ'),
('330801', 'สิ'),
('330802', 'บักดอง'),
('330803', 'พราน'),
('330804', 'โพธิ์วงศ์'),
('330805', 'ไพร'),
('330806', 'กระหวัน'),
('330807', 'ขุนหาญ'),
('330808', 'โนนสูง'),
('330809', 'กันทรอม'),
('330810', 'ภูฝ้าย'),
('330811', 'โพธิ์กระสังข์'),
('330812', 'ห้วยจันทร์'),
('330901', 'เมืองคง'),
('330902', 'เมืองแคน'),
('330903', 'หนองแค'),
('330906', 'จิกสังข์ทอง'),
('330907', 'ด่าน'),
('330908', 'ดู่'),
('330909', 'หนองอึ่ง'),
('330910', 'บัวหุ่ง'),
('330911', 'ไผ่'),
('330912', 'ส้มป่อย'),
('330913', 'หนองหมี'),
('330914', 'หว้านคำ'),
('330915', 'สร้างปี่'),
('331001', 'กำแพง'),
('331002', 'อี่หล่ำ'),
('331003', 'ก้านเหลือง'),
('331004', 'ทุ่งไชย'),
('331005', 'สำโรง'),
('331006', 'แขม'),
('331007', 'หนองไฮ'),
('331008', 'ขะยูง'),
('331010', 'ตาเกษ'),
('331011', 'หัวช้าง'),
('331012', 'รังแร้ง'),
('331014', 'แต้'),
('331015', 'แข้'),
('331016', 'โพธิ์ชัย'),
('331017', 'ปะอาว'),
('331018', 'หนองห้าง'),
('331022', 'สระกำแพงใหญ่'),
('331024', 'โคกหล่าม'),
('331025', 'โคกจาน'),
('331101', 'เป๊าะ'),
('331201', 'ห้วยทับทัน'),
('331202', 'เมืองหลวง'),
('331203', 'กล้วยกว้าง'),
('331204', 'ผักไหม'),
('331205', 'จานแสนไชย'),
('331206', 'ปราสาท'),
('331301', 'โนนค้อ'),
('331302', 'บก'),
('331303', 'โพธิ์'),
('331304', 'หนองกุง'),
('331305', 'เหล่ากวาง'),
('331401', 'ศรีแก้ว'),
('331402', 'พิงพวย'),
('331403', 'สระเยาว์'),
('331404', 'ตูม'),
('331405', 'เสื่องข้าว'),
('331406', 'ศรีโนนงาม'),
('331407', 'สะพุง'),
('331501', 'น้ำเกลี้ยง'),
('331502', 'ละเอาะ'),
('331503', 'ตองปิด'),
('331504', 'เขิน'),
('331505', 'รุ่งระวี'),
('331506', 'คูบ'),
('331601', 'บุสูง'),
('331602', 'ธาตุ'),
('331603', 'ดวนใหญ่'),
('331604', 'บ่อแก้ว'),
('331605', 'ศรีสำราญ'),
('331606', 'ทุ่งสว่าง'),
('331607', 'วังหิน'),
('331608', 'โพนยาง'),
('331701', 'โคกตาล'),
('331702', 'ห้วยตามอญ'),
('331703', 'ห้วยตึ๊กชู'),
('331704', 'ละลม'),
('331705', 'ตะเคียนราม'),
('331706', 'ดงรัก'),
('331707', 'ไพรพัฒนา'),
('331801', 'เมืองจันทร์'),
('331802', 'ตาโกน'),
('331803', 'หนองใหญ่'),
('331901', 'เสียว'),
('331902', 'หนองหว้า'),
('331903', 'หนองงูเหลือม'),
('331904', 'หนองฮาง'),
('331905', 'ท่าคล้อ'),
('332001', 'พยุห์'),
('332002', 'พรหมสวัสดิ์'),
('332003', 'ตำแย'),
('332004', 'โนนเพ็ก'),
('332005', 'หนองค้า'),
('332101', 'โดด'),
('332102', 'เสียว'),
('332103', 'หนองม้า'),
('332104', 'ผือใหญ่'),
('332105', 'อีเซ'),
('332201', 'กุง'),
('332202', 'คลีกลิ้ง'),
('332203', 'หนองบัวดง'),
('332204', 'โจดม่วง'),
('340104', 'หัวเรือ'),
('340105', 'หนองขอน'),
('340109', 'แจระแม'),
('340111', 'หนองบ่อ'),
('340112', 'ไร่น้อย'),
('340113', 'กระโสบ'),
('340116', 'กุดลาด'),
('340119', 'ขี้เหล็ก'),
('340120', 'ปะอาว'),
('340154', 'เทศบาลตำบลขามใหญ่'),
('340155', 'เทศบาลตำบลปทุม'),
('340201', 'นาคำ'),
('340202', 'แก้งกอก'),
('340203', 'เอือดใหญ่'),
('340204', 'วาริน'),
('340205', 'ลาดควาย'),
('340206', 'สงยาง'),
('340207', 'ตะบ่าย'),
('340208', 'คำไหล'),
('340209', 'หนามแท่ง'),
('340210', 'นาเลิน'),
('340211', 'ดอนใหญ่'),
('340301', 'โขงเจียม'),
('340302', 'ห้วยยาง'),
('340303', 'นาโพธิ์กลาง'),
('340304', 'หนองแสงใหญ่'),
('340305', 'ห้วยไผ่'),
('340401', 'เขื่องใน'),
('340402', 'สร้างถ่อ'),
('340403', 'ค้อทอง'),
('340404', 'ก่อเอ้'),
('340405', 'หัวดอน'),
('340406', 'ชีทวน'),
('340407', 'ท่าไห'),
('340408', 'นาคำใหญ่'),
('340409', 'แดงหม้อ'),
('340410', 'ธาตุน้อย'),
('340411', 'บ้านไทย'),
('340412', 'เทศบาลตำบลบ้านกอก'),
('340413', 'กลางใหญ่'),
('340414', 'โนนรัง'),
('340415', 'ยางขี้นก'),
('340416', 'ศรีสุข'),
('340417', 'สหธาตุ'),
('340418', 'หนองเหล่า'),
('340504', 'เจียด'),
('340508', 'นาแวง'),
('340510', 'แก้งเหนือ'),
('340511', 'หนองนกทา'),
('340512', 'หนองสิม'),
('340552', 'เทศบาลเทพวงศา'),
('340553', 'เทศบาลตำบลขามป้อม'),
('340554', 'เทศบาลตำบลหนองผือ'),
('340555', 'เทศบาลตำบลหัวนา'),
('340701', 'เมืองเดช'),
('340702', 'นาส่วง'),
('340704', 'นาเจริญ'),
('340706', 'ทุ่งเทิง'),
('340708', 'สมสะอาด'),
('340710', 'ตบหู'),
('340711', 'กลาง'),
('340712', 'แก้ง'),
('340713', 'ท่าโพธิ์ศรี'),
('340715', 'บัวงาม'),
('340716', 'คำครั่ง'),
('340717', 'นากระแซง'),
('340720', 'โพนงาม'),
('340721', 'ป่าโมง'),
('340723', 'โนนสมบูรณ์'),
('340755', 'เทศบาลตำบลกุดประทาย'),
('340801', 'นาจะหลวย'),
('340802', 'โนนสมบูรณ์'),
('340803', 'พรสวรรค์'),
('340804', 'บ้านตูม'),
('340805', 'โสกแสง'),
('340806', 'โนนสวรรค์'),
('340901', 'โซง'),
('340903', 'ยาง'),
('340904', 'โดมประดิษฐ์'),
('340906', 'บุเปือย'),
('340907', 'สีวิเชียร'),
('340909', 'ยางใหญ่'),
('340911', 'เก่าขาม'),
('341001', 'โพนงาม'),
('341002', 'ห้วยข่า'),
('341004', 'นาโพธิ์'),
('341005', 'หนองสะโน'),
('341006', 'โนนค้อ'),
('341007', 'บัวงาม'),
('341008', 'บ้านแมด'),
('341041', 'เทศบาลตำบลคอแลน'),
('341102', 'กระเดียน'),
('341103', 'เกษม'),
('341104', 'กุศกร'),
('341105', 'ขามเปี้ย'),
('341106', 'คอนสาย'),
('341107', 'โคกจาน'),
('341108', 'นาพิน'),
('341109', 'นาสะไม'),
('341110', 'โนนกุง'),
('341111', 'ตระการ'),
('341112', 'ตากแดด'),
('341113', 'ไหล่ทุ่ง'),
('341114', 'เป้า'),
('341115', 'เซเป็ด'),
('341116', 'สะพือ'),
('341117', 'หนองเต่า'),
('341118', 'ถ้ำแข้'),
('341119', 'ท่าหลวง'),
('341120', 'ห้วยฝ้ายพัฒนา'),
('341121', 'กุดยาลวน'),
('341122', 'บ้านแดง'),
('341123', 'คำเจริญ'),
('341201', 'ข้าวปุ้น'),
('341202', 'โนนสวาง'),
('341203', 'แก่งเค็ง'),
('341204', 'กาบิน'),
('341205', 'หนองทันน้ำ'),
('341401', 'ม่วงสามสิบ'),
('341402', 'เหล่าบก'),
('341403', 'ดุมใหญ่'),
('341404', 'หนองช้างใหญ่'),
('341405', 'หนองเมือง'),
('341406', 'เตย'),
('341407', 'ยางสักกระโพหลุ่ม'),
('341408', 'หนองไข่นก'),
('341409', 'หนองเหล่า'),
('341410', 'หนองฮาง'),
('341411', 'ยางโยภาพ'),
('341412', 'ไผ่ใหญ่'),
('341413', 'นาเลิง'),
('341414', 'โพนแพง'),
('341502', 'ธาตุ'),
('341504', 'ท่าลาด'),
('341505', 'โนนโหนน'),
('341507', 'คูเมือง'),
('341508', 'สระสมิง'),
('341510', 'เทศบาลตำบลคำน้ำแซบ'),
('341511', 'บุ่งหวาย'),
('341515', 'เทศบาลตำบลคำขวาง'),
('341516', 'โพธิ์ใหญ่'),
('341518', 'เทศบาลตำบลแสนสุข'),
('341520', 'หนองกินเพล'),
('341521', 'โนนผึ้ง'),
('341522', 'เทศบาลตำบลเมืองศรีไค'),
('341524', 'ห้วยขะยูง'),
('341526', 'บุ่งไหม'),
('341902', 'กุดชมภู'),
('341904', 'ดอนจิก'),
('341905', 'ทรายมูล'),
('341906', 'นาโพธิ์'),
('341907', 'โนนกลาง'),
('341909', 'โพธิ์ไทร'),
('341910', 'โพธิ์ศรี'),
('341911', 'ระเว'),
('341912', 'ไร่ใต้'),
('341913', 'หนองบัวฮี'),
('341914', 'อ่างศิลา'),
('341918', 'โนนกาหลง'),
('341919', 'บ้านแขม'),
('342001', 'ตาลสุม'),
('342002', 'สำโรง'),
('342003', 'จิกเทิง'),
('342004', 'หนองกุง'),
('342005', 'นาคาย'),
('342006', 'คำหว้า'),
('342101', 'โพธิ์ไทร'),
('342102', 'ม่วงใหญ่'),
('342103', 'สำโรง'),
('342104', 'สองคอน'),
('342105', 'สารภี'),
('342106', 'เหล่างาม'),
('342201', 'สำโรง'),
('342202', 'โคกก่อง'),
('342203', 'หนองไฮ'),
('342204', 'ค้อน้อย'),
('342205', 'โนนกาเล็น'),
('342206', 'โคกสว่าง'),
('342207', 'โนนกลาง'),
('342208', 'บอน'),
('342209', 'ขามป้อม'),
('342401', 'ดอนมดแดง'),
('342402', 'เหล่าแดง'),
('342403', 'ท่าเมือง'),
('342404', 'คำไฮใหญ่'),
('342501', 'คันไร่'),
('342502', 'ช่องเม็ก'),
('342503', 'โนนก่อ'),
('342505', 'ฝางคำ'),
('342506', 'คำเขื่อนแก้ว'),
('342550', 'เทศบาลตำบลนิคมสร้างตนเองลำโดมน'),
('342602', 'หนองอ้ม'),
('342603', 'นาเกษม'),
('342604', 'กุดเรือ'),
('342605', 'โคกชำแระ'),
('342606', 'นาห่อม'),
('342901', 'นาเยีย'),
('342902', 'นาดี'),
('342903', 'นาเรือง'),
('343001', 'นาตาล'),
('343002', 'พะลาน'),
('343003', 'กองโพน'),
('343004', 'พังเคน'),
('343101', 'เหล่าเสือโก้ก'),
('343102', 'โพนเมือง'),
('343103', 'แพงใหญ่'),
('343104', 'หนองบก'),
('343201', 'แก่งโดม'),
('343202', 'ท่าช้าง'),
('343203', 'บุ่งมะแลง'),
('343204', 'สว่าง'),
('343301', 'ตาเกา'),
('343302', 'ไพบูลย์'),
('343303', 'เทศบาลตำบลขี้เหล็ก'),
('343304', 'โคกสะอาด'),
('350102', 'น้ำคำใหญ่'),
('350103', 'ตาดทอง'),
('350104', 'สำราญ'),
('350105', 'ค้อเหนือ'),
('350106', 'ดู่ทุ่ง'),
('350107', 'เดิด'),
('350108', 'ขั้นไดใหญ่'),
('350109', 'ทุ่งแต้'),
('350110', 'สิงห์'),
('350111', 'นาสะไมย์'),
('350112', 'เขื่องคำ'),
('350113', 'หนองหิน'),
('350114', 'หนองคู'),
('350115', 'ขุมเงิน'),
('350116', 'ทุ่งนางโอก'),
('350117', 'หนองเรือ'),
('350118', 'หนองเป็ด'),
('350201', 'ทรายมูล'),
('350202', 'ดู่ลาด'),
('350203', 'ดงมะไฟ'),
('350204', 'นาเวียง'),
('350205', 'ไผ่'),
('350301', 'กุดชุม'),
('350302', 'โนนเปือย'),
('350303', 'กำแมด'),
('350304', 'นาโส่'),
('350305', 'ห้วยแก้ง'),
('350306', 'หนองหมี'),
('350307', 'โพนงาม'),
('350308', 'คำน้ำสร้าง'),
('350309', 'หนองแหน'),
('350401', 'ลุมพุก'),
('350402', 'ย่อ'),
('350403', 'สงเปือย'),
('350404', 'โพนทัน'),
('350405', 'ทุ่งมน'),
('350406', 'นาคำ'),
('350407', 'ดงแคนใหญ่'),
('350408', 'กู่จาน'),
('350409', 'นาแก'),
('350410', 'กุดกุง'),
('350411', 'เหล่าไฮ'),
('350412', 'แคนน้อย'),
('350413', 'ดงเจริญ'),
('350501', 'โพธิ์ไทร'),
('350502', 'กระจาย'),
('350503', 'โคกนาโก'),
('350504', 'เชียงเพ็ง'),
('350505', 'ศรีฐาน'),
('350601', 'ฟ้าหยาด'),
('350602', 'หัวเมือง'),
('350603', 'คูเมือง'),
('350604', 'ผือฮี'),
('350605', 'บากเรือ'),
('350606', 'ม่วง'),
('350607', 'โนนทราย'),
('350608', 'บึงแก'),
('350609', 'พระเสาร์'),
('350610', 'สงยาง'),
('350701', 'ฟ้าห่วน'),
('350702', 'กุดน้ำใส'),
('350703', 'น้ำอ้อม'),
('350704', 'ค้อวัง'),
('350802', 'บุ่งค้า'),
('350803', 'สวาท'),
('350805', 'ห้องแซง'),
('350806', 'สามัคคี'),
('350807', 'กุดเชียงหมี'),
('350810', 'สามแยก'),
('350811', 'กุดแห่'),
('350812', 'โคกสำราญ'),
('350813', 'สร้างมิ่ง'),
('350814', 'ศรีแก้ว'),
('350901', 'ไทยเจริญ'),
('350902', 'น้ำคำ'),
('350903', 'ส้มผ่อ'),
('350904', 'คำเตย'),
('350905', 'คำไผ่'),
('360102', 'รอบเมือง'),
('360103', 'โพนทอง'),
('360104', 'นาฝาย'),
('360105', 'บ้านค่าย'),
('360106', 'กุดตุ้ม'),
('360107', 'ชีลอง'),
('360108', 'บ้านเล่า'),
('360109', 'นาเสียว'),
('360110', 'หนองนาแซง'),
('360111', 'ลาดใหญ่'),
('360112', 'หนองไผ่'),
('360113', 'ท่าหินโงม'),
('360114', 'ห้วยต้อน'),
('360115', 'ห้วยบง'),
('360116', 'โนนสำราญ'),
('360117', 'โคกสูง'),
('360118', 'บุ่งคล้า'),
('360119', 'ซับสีทอง'),
('360202', 'ตลาดแร้ง'),
('360203', 'ลุ่มลำชี'),
('360204', 'ชีบน'),
('360205', 'ภูแลนคา'),
('360206', 'โนนแดง'),
('360243', 'เทศบาลตำบลทุ่งทอง'),
('360301', 'คอนสวรรค์'),
('360302', 'ยางหวาย'),
('360303', 'ช่องสามหมอ'),
('360304', 'โนนสะอาด'),
('360305', 'ห้วยไร่'),
('360306', 'บ้านโสก'),
('360307', 'โคกมั่งงอย'),
('360308', 'หนองขาม'),
('360309', 'ศรีสำราญ'),
('360401', 'บ้านยาง'),
('360402', 'บ้านหัน'),
('360404', 'บ้านเป้า'),
('360405', 'กุดเลาะ'),
('360406', 'โนนกอก'),
('360407', 'สระโพนทอง'),
('360408', 'หนองข่า'),
('360409', 'หนองโพนงาม'),
('360410', 'บ้านบัว'),
('360412', 'โนนทอง'),
('360450', 'ตำบลบ้านเดื่อ'),
('360501', 'หนองบัวแดง'),
('360502', 'กุดชุมแสง'),
('360503', 'ถ้ำวัวแดง'),
('360504', 'นางแดด'),
('360507', 'หนองแวง'),
('360508', 'คูเมือง'),
('360509', 'ท่าใหญ่'),
('360511', 'วังชมภู'),
('360601', 'บ้านกอก'),
('360602', 'หนองบัวบาน'),
('360603', 'บ้านขาม'),
('360605', 'กุดน้ำใส'),
('360606', 'หนองโดน'),
('360607', 'ละหาน'),
('360610', 'หนองบัวใหญ่'),
('360611', 'หนองบัวโคก'),
('360613', 'ส้มป่อย'),
('360701', 'บ้านชวน'),
('360702', 'บ้านเพชร'),
('360703', 'บ้านตาล'),
('360704', 'หัวทะเล'),
('360705', 'โคกเริงรมย์'),
('360706', 'เกาะมะนาว'),
('360707', 'โคกเพชรพัฒนา'),
('360802', 'วังตะเฆ่'),
('360805', 'โสกปลาดุก'),
('360832', 'เทศบาลตำบลห้วยแย้'),
('360833', 'เทศบาลตำบลโคกสะอาด'),
('360901', 'วะตะแบก'),
('360902', 'ห้วยยายจิ๋ว'),
('360903', 'นายางกลัก'),
('360904', 'บ้านไร่'),
('360905', 'โป่งนก'),
('361001', 'ผักปัง'),
('361002', 'กวางโจน'),
('361003', 'หนองคอนไทย'),
('361004', 'บ้านแก้ง'),
('361005', 'กุดยม'),
('361006', 'บ้านเพชร'),
('361007', 'โคกสะอาด'),
('361008', 'หนองตูม'),
('361009', 'โอโล'),
('361010', 'ธาตุทอง'),
('361011', 'บ้านดอน'),
('361101', 'บ้านแท่น'),
('361102', 'สามสวน'),
('361103', 'สระพัง'),
('361104', 'บ้านเต่า'),
('361105', 'หนองคู'),
('361201', 'ช่องสามหมอ'),
('361202', 'หนองขาม'),
('361203', 'นาหนองทุ่ม'),
('361204', 'บ้านแก้ง'),
('361206', 'หลุบคา'),
('361207', 'โคกกุง'),
('361208', 'เก่าย่าดี'),
('361209', 'ท่ามะไฟหวาน'),
('361210', 'หนองไผ่'),
('361244', 'เทศบาลตำบลหนองสังข์'),
('361301', 'คอนสาร'),
('361302', 'ทุ่งพระ'),
('361303', 'โนนคูณ'),
('361304', 'ห้วยยาง'),
('361305', 'ทุ่งลุยลาย'),
('361306', 'ดงบัง'),
('361307', 'ทุ่งนาเลา'),
('361308', 'ดงกลาง'),
('361401', 'บ้านเจียง'),
('361402', 'เจาทอง'),
('361403', 'วังทอง'),
('361404', 'แหลมทอง'),
('361501', 'หนองฉิม'),
('361502', 'ตาเนิน'),
('361503', 'กะฮาด'),
('361504', 'รังงาม'),
('361601', 'ซับใหญ่'),
('361602', 'ท่ากูบ'),
('361603', 'ตะโกทอง'),
('370101', 'บุ่ง'),
('370102', 'เทศบาลตำบลไก่คำ'),
('370103', 'นาจิก'),
('370104', 'ปลาค้าว'),
('370105', 'เหล่าพรวน'),
('370106', 'สร้างนกทา'),
('370107', 'คึมใหญ่'),
('370108', 'นาผือ'),
('370109', 'น้ำปลีก'),
('370110', 'เทศบาลตำบลนาวัง'),
('370111', 'เทศบาลตำบลนาหมอม้า'),
('370112', 'โนนโพธิ์'),
('370113', 'โนนหนามแท่ง'),
('370114', 'ห้วยไร่'),
('370115', 'หนองมะแซว'),
('370116', 'กุดปลาดุก'),
('370117', 'ดอนเมย'),
('370118', 'เทศบาลตำบลนายม'),
('370119', 'นาแต้'),
('370201', 'ชานุมาน'),
('370202', 'โคกสาร'),
('370203', 'คำเขื่อนแก้ว'),
('370204', 'โคกก่ง'),
('370205', 'ป่าก่อ'),
('370301', 'หนองข่า'),
('370302', 'คำโพน'),
('370303', 'นาหว้า'),
('370304', 'ลือ'),
('370305', 'ห้วย'),
('370306', 'โนนงาม'),
('370307', 'นาป่าแซง'),
('370401', 'พนา'),
('370402', 'จานลาน'),
('370403', 'ไม้กลอน'),
('370404', 'พระเหลา'),
('370501', 'เสนางคนิคม'),
('370502', 'โพนทอง'),
('370503', 'ไร่สีสุก'),
('370504', 'นาเวียง'),
('370505', 'หนองไฮ'),
('370506', 'หนองสามสี'),
('370602', 'คำพระ'),
('370603', 'เค็งใหญ่'),
('370604', 'หนองแก้ว'),
('370605', 'โพนเมืองน้อย'),
('370606', 'สร้างถ่อน้อย'),
('370607', 'จิกดู่'),
('370639', 'รัตนวารี'),
('370701', 'เทศบาลตำบลสามหนอง'),
('370702', 'เทศบาลตำบลดงมะยาง'),
('370703', 'เทศบาลตำบลเปือย'),
('370704', 'ดงบัง'),
('370705', 'ไร่ขี'),
('370706', 'แมด'),
('370707', 'โคกกลาง'),
('380301', 'บึงกาฬ'),
('380303', 'โนนสมบูรณ์'),
('380304', 'ทต.โนนสว่าง'),
('380305', 'ทต.หอคำ'),
('380306', 'หนองเลิง'),
('380307', 'ทต.โคกก่อง'),
('380310', 'นาสวรรค์'),
('380311', 'ทต.ไคสี'),
('380314', 'ชัยพร'),
('380316', 'ทต.วิศิษฐ์'),
('380318', 'คำนาดี'),
('380319', 'โป่งเปือย'),
('380401', 'ศรีชมภู'),
('380404', 'หนองหัวช้าง'),
('380405', 'วังชมภู'),
('380406', 'ป่าแฝก'),
('380407', 'ศรีสำราญ'),
('380601', 'โซ่'),
('380602', 'หนองพันทา'),
('380603', 'ศรีชมภู'),
('380604', 'คำแก้ว'),
('380605', 'บัวตูม'),
('380606', 'ถ้ำเจริญ'),
('380607', 'เหล่าทอง'),
('380901', 'เซกา'),
('380902', 'ทต.ซาง'),
('380903', 'ท่ากกแดง'),
('380906', 'บ้านต้อง'),
('380907', 'ป่งไฮ'),
('380908', 'น้ำจั้น'),
('380909', 'ท่าสะอาด'),
('380912', 'หนองทุ่ม'),
('380913', 'โสกก่าม'),
('381001', 'ปากคาด');
INSERT INTO `tb_subdistrict` (`subdistrict_id`, `subdistrict_name`) VALUES
('381002', 'หนองยอง'),
('381003', 'นากั้ง'),
('381004', 'โนนศิลา'),
('381005', 'สมสนุก'),
('381006', 'นาดง'),
('381101', 'เทศบาลตำบลบึงงาม'),
('381102', 'โพธิ์หมากแข้ง'),
('381103', 'ดงบัง'),
('381104', 'ท่าดอกคำ'),
('381202', 'ชุมภูพร'),
('381203', 'นาแสง'),
('381204', 'นาสะแบง'),
('381205', 'นาสิงห์'),
('381301', 'บุ่งคล้า'),
('381302', 'หนองเดิ่น'),
('381303', 'โคกกว้าง'),
('390101', 'หนองบัว'),
('390102', 'หนองภัยศูนย์'),
('390103', 'โพธิ์ชัย'),
('390104', 'หนองสวรรค์'),
('390105', 'หัวนา'),
('390106', 'บ้านขาม'),
('390107', 'นามะเฟือง'),
('390108', 'บ้านพร้าว'),
('390109', 'โนนขมิ้น'),
('390111', 'กุดจิก'),
('390112', 'โนนทัน'),
('390113', 'นาคำไฮ'),
('390114', 'ป่าไม้งาม'),
('390115', 'หนองหว้า'),
('390201', 'นากลาง'),
('390202', 'ด่านช้าง'),
('390205', 'กุดดินจี่'),
('390206', 'ฝั่งแดง'),
('390207', 'เก่ากลอย'),
('390209', 'โนนเมือง'),
('390210', 'อุทัยสวรรค์'),
('390211', 'ดงสวรรค์'),
('390213', 'กุดแห่'),
('390302', 'บ้านถิ่น'),
('390303', 'หนองเรือ'),
('390304', 'กุดดู่'),
('390305', 'บ้านค้อ'),
('390306', 'โนนเมือง'),
('390307', 'โคกใหญ่'),
('390308', 'โคกม่วง'),
('390309', 'นิคมพัฒนา'),
('390310', 'ปางกู่'),
('390401', 'เมืองใหม่'),
('390402', 'ศรีบุญเรือง'),
('390403', 'หนองบัวใต้'),
('390404', 'กุดสะเทียน'),
('390405', 'นากอก'),
('390406', 'โนนสะอาด'),
('390407', 'ยางหล่อ'),
('390408', 'โนนม่วง'),
('390409', 'หนองกุงแก้ว'),
('390410', 'หนองแก'),
('390411', 'ทรายทอง'),
('390412', 'หันนางาม'),
('390501', 'นาสี'),
('390502', 'บ้านโคก'),
('390503', 'นาดี'),
('390504', 'นาด่าน'),
('390505', 'ดงมะไฟ'),
('390506', 'สุวรรณคูหา'),
('390507', 'บุญทัน'),
('390508', 'กุดผึ้ง'),
('390601', 'นาเหล่า'),
('390602', 'นาแก'),
('390603', 'วังทอง'),
('390604', 'วังปลาป้อม'),
('390605', 'เทพคีรี'),
('400102', 'เทศบาลตำบลสำราญ'),
('400103', 'โคกสี'),
('400104', 'ท่าพระ'),
('400105', 'เทศบาลตำบลบ้านทุ่ม'),
('400106', 'เทศบาลตำบลเมืองเก่า'),
('400107', 'เทศบาลตำบลพระลับ'),
('400108', 'เทศบาลตำบลสาวะถี'),
('400109', 'บ้านหว้า'),
('400110', 'เทศบาลตำบลบ้านค้อ'),
('400111', 'แดงใหญ่'),
('400112', 'ดอนช้าง'),
('400113', 'ดอนหัน'),
('400114', 'ศิลา'),
('400115', 'เทศบาลตำบลบ้านเป็ด'),
('400116', 'เทศบาลตำบลหนองตูม'),
('400117', 'บึงเนียม'),
('400118', 'เทศบาลตำบลโนนท่อน'),
('400201', 'หนองบัว'),
('400202', 'ป่าหวายนั่ง'),
('400203', 'โนนฆ้อง'),
('400204', 'บ้านเหล่า'),
('400205', 'ป่ามะนาว'),
('400206', 'บ้านฝาง'),
('400207', 'โคกงาม'),
('400301', 'พระยืน'),
('400302', 'เทศบาลตำบลพระบุ'),
('400304', 'หนองแวง'),
('400305', 'ขามป้อม'),
('400401', 'หนองเรือ'),
('400402', 'บ้านเม็ง'),
('400403', 'บ้านกง'),
('400404', 'ยางคำ'),
('400405', 'จระเข้'),
('400406', 'โนนทอง'),
('400407', 'กุดกว้าง'),
('400408', 'โนนทัน'),
('400409', 'โนนสะอาด'),
('400410', 'บ้านผือ'),
('400501', 'ชุมแพ'),
('400502', 'โนนหัน'),
('400503', 'นาหนองทุ่ม'),
('400504', 'โนนอุดม'),
('400505', 'ขัวเรียง'),
('400506', 'หนองไผ่'),
('400507', 'ไชยสอ'),
('400508', 'วังหินลาด'),
('400509', 'นาเพียง'),
('400510', 'หนองเขียด'),
('400511', 'หนองเสาเล้า'),
('400512', 'โนนสะอาด'),
('400601', 'สีชมพู'),
('400602', 'ศรีสุข'),
('400603', 'นาจาน'),
('400604', 'วังเพิ่ม'),
('400605', 'ซำยาง'),
('400606', 'หนองแดง'),
('400607', 'ดงลาน'),
('400608', 'บริบูรณ์'),
('400609', 'บ้านใหม่'),
('400610', 'ภูห่าน'),
('400701', 'เทศบาลตำบลน้ำพอง'),
('400702', 'วังชัย'),
('400703', 'หนองกุง'),
('400704', 'บัวใหญ่'),
('400705', 'สะอาด'),
('400706', 'เทศบาลตำบลม่วงหวาน'),
('400707', 'บ้านขาม'),
('400708', 'บัวเงิน'),
('400709', 'ทรายมูล'),
('400710', 'ท่ากระเสริม'),
('400711', 'พังทุย'),
('400712', 'เทศบาลตำบลกุดน้ำใส'),
('400801', 'โคกสูง'),
('400802', 'บ้านดง'),
('400803', 'เขื่อนอุบลรัตน์'),
('400804', 'นาคำ'),
('400805', 'ศรีสุขสำราญ'),
('400806', 'ทุ่งโป่ง'),
('400901', 'หนองโก'),
('400902', 'หนองกุงใหญ่'),
('400905', 'ห้วยโจด'),
('400906', 'ห้วยยาง'),
('400907', 'บ้านฝาง'),
('400909', 'ดูนสาด'),
('400910', 'หนองโน'),
('400911', 'น้ำอ้อม'),
('400912', 'หัวนาคำ'),
('401001', 'บ้านไผ่'),
('401002', 'ในเมือง'),
('401005', 'เมืองเพีย'),
('401009', 'บ้านลาน'),
('401010', 'แคนเหนือ'),
('401011', 'ภูเหล็ก'),
('401013', 'ป่าปอ'),
('401014', 'หินตั้ง'),
('401016', 'หนองน้ำใส'),
('401017', 'หัวหนอง'),
('401101', 'เปือยน้อย'),
('401102', 'วังม่วง'),
('401103', 'ขามป้อม'),
('401104', 'สระแก้ว'),
('401201', 'เมืองพล'),
('401203', 'โจดหนองแก'),
('401204', 'เก่างิ้ว'),
('401205', 'หนองมะเขือ'),
('401206', 'หนองแวงโสกพระ'),
('401207', 'เพ็กใหญ่'),
('401208', 'โคกสง่า'),
('401209', 'หนองแวงนางเบ้า'),
('401210', 'ลอมคอม'),
('401211', 'โนนข่า'),
('401212', 'โสกนกเต็น'),
('401213', 'หัวทุ่ง'),
('401301', 'คอนฉิม'),
('401302', 'ใหม่นาเพียง'),
('401303', 'โนนทอง'),
('401305', 'โนนสะอาด'),
('401401', 'แวงน้อย'),
('401402', 'ก้านเหลือง'),
('401403', 'ท่านางแนว'),
('401404', 'ละหานนา'),
('401405', 'ท่าวัด'),
('401406', 'ทางขวาง'),
('401501', 'หนองสองห้อง'),
('401502', 'คึมชาด'),
('401503', 'โนนธาตุ'),
('401504', 'ตะกั่วป่า'),
('401505', 'สำโรง'),
('401506', 'หนองเม็ก'),
('401507', 'ดอนดู่'),
('401508', 'ดงเค็ง'),
('401509', 'หันโจด'),
('401510', 'ดอนดั่ง'),
('401511', 'วังหิน'),
('401512', 'หนองไผ่ล้อม'),
('401601', 'บ้านเรือ'),
('401604', 'หว้าทอง'),
('401605', 'กุดขอนแก่น'),
('401606', 'นาชุมแสง'),
('401607', 'นาหว้า'),
('401610', 'หนองกุงธนสาร'),
('401612', 'หนองกุงเซิน'),
('401613', 'สงเปือย'),
('401614', 'ทุ่งชมพู'),
('401616', 'ดินดำ'),
('401617', 'ภูเวียง'),
('401701', 'กุดเค้า'),
('401702', 'สวนหม่อน'),
('401703', 'หนองแปน'),
('401704', 'โพนเพ็ก'),
('401705', 'คำแคน'),
('401706', 'นาข่า'),
('401707', 'นางาม'),
('401710', 'ท่าศาลา'),
('401801', 'ชนบท'),
('401802', 'กุดเพียขอม'),
('401803', 'วังแสง'),
('401804', 'ห้วยแก'),
('401805', 'บ้านแท่น'),
('401806', 'ศรีบุญเรือง'),
('401807', 'โนนพะยอม'),
('401808', 'ปอแดง'),
('401901', 'เขาสวนกวาง'),
('401902', 'ดงเมืองแอม'),
('401903', 'นางิ้ว'),
('401904', 'โนนสมบูรณ์'),
('401905', 'คำม่วง'),
('402001', 'โนนคอม'),
('402002', 'นาฝาย'),
('402003', 'ภูผาม่าน'),
('402004', 'วังสวาบ'),
('402005', 'ห้วยม่วง'),
('402102', 'คำแมด'),
('402103', 'บ้านโนน'),
('402104', 'คูคำ'),
('402105', 'ห้วยเตย'),
('402201', 'บ้านโคก'),
('402202', 'โพธิ์ไชย'),
('402203', 'ซับสมบูรณ์'),
('402204', 'นาแพง'),
('402301', 'กุดธาตุ'),
('402302', 'บ้านโคก'),
('402303', 'ขนวน'),
('402402', 'โคกสำราญ'),
('402403', 'โนนสมบูรณ์'),
('402501', 'โนนศิลา'),
('402502', 'หนองปลาหมอ'),
('402503', 'บ้านหัน'),
('402504', 'เปือยใหญ่'),
('402505', 'โนนแดง'),
('402901', 'ในเมือง'),
('402902', 'เมืองเก่าพัฒนา'),
('402903', 'เขาน้อย'),
('410102', 'นิคมสงเคราะห์'),
('410103', 'บ้านขาว'),
('410104', 'หนองบัว'),
('410105', 'บ้านตาด'),
('410106', 'โนนสูง'),
('410107', 'หมูม่น'),
('410108', 'เชียงยืน'),
('410109', 'หนองนาคำ'),
('410110', 'กุดสระ'),
('410111', 'นาดี'),
('410112', 'บ้านเลื่อม'),
('410113', 'เชียงพิณ'),
('410114', 'สามพร้าว'),
('410115', 'หนองไฮ'),
('410116', 'นาข่า'),
('410117', 'บ้านจั่น'),
('410118', 'หนองขอนกว้าง'),
('410119', 'โคกสะอาด'),
('410120', 'นากว้าง'),
('410121', 'หนองไผ่'),
('410201', 'กุดจับ'),
('410202', 'ปะโค'),
('410203', 'ขอนยูง'),
('410204', 'เชียงเพ็ง'),
('410205', 'สร้างก่อ'),
('410206', 'เมืองเพีย'),
('410207', 'ตาลเลียน'),
('410301', 'หมากหญ้า'),
('410302', 'หนองอ้อ'),
('410303', 'อูบมุง'),
('410304', 'กุดหมากไฟ'),
('410305', 'น้ำพ่น'),
('410306', 'หนองบัวบาน'),
('410307', 'โนนหวาย'),
('410308', 'หนองวัวซอ'),
('410401', 'ตูมใต้'),
('410402', 'พันดอน'),
('410403', 'เวียงคำ'),
('410404', 'แชแล'),
('410406', 'เชียงแหว'),
('410409', 'เสอเพลอ'),
('410410', 'สีออ'),
('410411', 'ปะโค'),
('410413', 'ผาสุก'),
('410414', 'ท่าลี่'),
('410415', 'กุมภวาปี'),
('410416', 'หนองหว้า'),
('410501', 'โนนสะอาด'),
('410502', 'บุ่งแก้ว'),
('410503', 'โพธิ์ศรีสำราญ'),
('410504', 'ทมนางาม'),
('410505', 'หนองกุงศรี'),
('410506', 'โคกกลาง'),
('410601', 'หนองหาน'),
('410602', 'หนองเม็ก'),
('410605', 'พังงู'),
('410606', 'สะแบง'),
('410607', 'สร้อยพร้าว'),
('410609', 'บ้านเชียง'),
('410610', 'บ้านยา'),
('410611', 'โพนงาม'),
('410612', 'ผักตบ'),
('410614', 'หนองไผ่'),
('410617', 'ดอนหายโศก'),
('410618', 'หนองสระปลา'),
('410701', 'ทุ่งฝน'),
('410702', 'ทุ่งใหญ่'),
('410703', 'นาชุมแสง'),
('410704', 'นาทม'),
('410801', 'ไชยวาน'),
('410802', 'หนองหลัก'),
('410803', 'คำเลาะ'),
('410804', 'โพนสูง'),
('410901', 'ศรีธาตุ'),
('410902', 'จำปี'),
('410903', 'บ้านโปร่ง'),
('410904', 'หัวนาคำ'),
('410905', 'หนองนกเขียน'),
('410906', 'นายูง'),
('410907', 'ตาดทอง'),
('411001', 'หนองกุงทับม้า'),
('411002', 'หนองหญ้าไซ'),
('411003', 'บะยาว'),
('411004', 'ผาสุก'),
('411005', 'คำโคกสูง'),
('411006', 'วังสามหมอ'),
('411102', 'บ้านดุง'),
('411103', 'ดงเย็น'),
('411104', 'โพนสูง'),
('411105', 'อ้อมกอ'),
('411106', 'บ้านจันทน์'),
('411107', 'บ้านชัย'),
('411108', 'นาไหม'),
('411109', 'ถ่อนนาลับ'),
('411110', 'วังทอง'),
('411111', 'บ้านม่วง'),
('411112', 'บ้านตาด'),
('411113', 'นาคำ'),
('411701', 'บ้านผือ'),
('411702', 'หายโศก'),
('411703', 'เขือน้ำ'),
('411704', 'คำบง'),
('411705', 'โนนทอง'),
('411706', 'ข้าวสาร'),
('411707', 'จำปาโมง'),
('411708', 'กลางใหญ่'),
('411709', 'เมืองพาน'),
('411710', 'คำด้วง'),
('411711', 'หนองหัวคู'),
('411712', 'บ้านค้อ'),
('411713', 'หนองแวง'),
('411801', 'นางัว'),
('411802', 'น้ำโสม'),
('411805', 'หนองแวง'),
('411806', 'บ้านหยวก'),
('411807', 'โสมเยี่ยม'),
('411810', 'ศรีสำราญ'),
('411812', 'สามัคคี'),
('411901', 'เพ็ญ'),
('411902', 'บ้านธาตุ'),
('411903', 'นาพู่'),
('411904', 'เชียงหวาง'),
('411905', 'สุมเส้า'),
('411906', 'นาบัว'),
('411907', 'บ้านเหล่า'),
('411908', 'จอมศรี'),
('411909', 'เตาไห'),
('411910', 'โคกกลาง'),
('411911', 'สร้างแป้น'),
('412001', 'สร้างคอม'),
('412002', 'เชียงดา'),
('412003', 'บ้านยวด'),
('412004', 'บ้านโคก'),
('412005', 'นาสะอาด'),
('412006', 'บ้านหินโงม'),
('412101', 'หนองแสง'),
('412102', 'แสงสว่าง'),
('412103', 'นาดี'),
('412104', 'ทับกุง'),
('412201', 'นายูง'),
('412202', 'บ้านก้อง'),
('412203', 'นาแค'),
('412204', 'โนนทอง'),
('412301', 'บ้านแดง'),
('412302', 'นาทราย'),
('412303', 'ดอนกลอย'),
('412401', 'บ้านจีต'),
('412402', 'โนนทองอินทร์'),
('412403', 'ค้อใหญ่'),
('412404', 'คอนสาย'),
('412501', 'นาม่วง'),
('412502', 'ห้วยสามพาด'),
('412503', 'อุ่มจาน'),
('420102', 'เมือง'),
('420103', 'นาอ้อ'),
('420104', 'กกดู่'),
('420105', 'น้ำหมาน'),
('420106', 'เสี้ยว'),
('420107', 'นาอาน'),
('420108', 'นาโป่ง'),
('420109', 'นาดินดำ'),
('420110', 'น้ำสวย'),
('420111', 'ชัยพฤกษ์'),
('420112', 'นาแขม'),
('420113', 'ศรีสองรัก'),
('420114', 'กกทอง'),
('420115', 'น้ำหมาน'),
('420116', 'เสี้ยว'),
('420117', 'นาอาน'),
('420118', 'นาโป่ง'),
('420119', 'นาดินดำ'),
('420201', 'นาด้วง'),
('420202', 'นาดอกคำ'),
('420203', 'ท่าสะอาด'),
('420204', 'ท่าสวรรค์'),
('420301', 'เชียงคาน'),
('420302', 'ธาตุ'),
('420303', 'นาซ่าว'),
('420304', 'เขาแก้ว'),
('420305', 'ปากตม'),
('420306', 'บุฮม'),
('420307', 'จอมศรี'),
('420308', 'หาดทรายขาว'),
('420401', 'ปากชม'),
('420402', 'เชียงกลม'),
('420403', 'หาดคัมภีร์'),
('420404', 'ห้วยบ่อซืน'),
('420405', 'ห้วยพิชัย'),
('420406', 'ชมเจริญ'),
('420501', 'ด่านซ้าย'),
('420502', 'ปากหมัน'),
('420503', 'นาดี'),
('420504', 'โคกงาม'),
('420505', 'โพนสูง'),
('420506', 'อิปุ่ม'),
('420507', 'กกสะทอน'),
('420508', 'โป่ง'),
('420509', 'วังยาว'),
('420510', 'นาหอ'),
('420602', 'แสงภา'),
('420603', 'นาพึง'),
('420604', 'นามาลา'),
('420605', 'เหล่ากอหก'),
('420701', 'หนองบัว'),
('420702', 'ท่าศาลา'),
('420703', 'ร่องจิก'),
('420704', 'ปลาบ่า'),
('420705', 'ลาดค่าง'),
('420706', 'สานตม'),
('420801', 'ท่าลี่'),
('420802', 'หนองผือ'),
('420803', 'อาฮี'),
('420804', 'น้ำแคม'),
('420805', 'โคกใหญ่'),
('420806', 'น้ำทูน'),
('420901', 'วังสะพุง'),
('420902', 'ทรายขาว'),
('420903', 'หนองหญ้าปล้อง'),
('420904', 'หนองงิ้ว'),
('420905', 'ปากปวน'),
('420906', 'ผาน้อย'),
('420910', 'ผาบิ้ง'),
('420911', 'เขาหลวง'),
('420912', 'โคกขมิ้น'),
('420913', 'ศรีสงคราม'),
('421001', 'ศรีฐาน'),
('421005', 'ผานกเค้า'),
('421007', 'ภูกระดึง'),
('421010', 'ห้วยส้ม'),
('421101', 'ภูหอ'),
('421102', 'หนองคัน'),
('421104', 'ห้วยสีเสียด'),
('421105', 'เลยวังไสย์'),
('421106', 'แก่งศรีภูมิ'),
('421201', 'ผาขาว'),
('421202', 'ท่าช้างคล้อง'),
('421203', 'โนนปอแดง'),
('421204', 'โนนป่าซาง'),
('421205', 'บ้านเพิ่ม'),
('421301', 'เอราวัณ'),
('421302', 'ผาอินทร์แปลง'),
('421303', 'ผาสามยอด'),
('421304', 'ทรัพย์ไพวัลย์'),
('421401', 'หนองหิน'),
('421402', 'ตาดข่า'),
('421403', 'ปวนพุ'),
('430103', 'เทศบาลตำบลโพธิ์ชัย'),
('430104', 'เทศบาลตำบลกวนวัน'),
('430106', 'เทศบาลตำบลวัดธาตุ'),
('430107', 'เทศบาลตำบลหาดคำ'),
('430108', 'หินโงม'),
('430109', 'เทศบาลตำบลบ้านเดื่อ'),
('430110', 'ค่ายบกหวาน'),
('430113', 'พระธาตุบังพวน'),
('430116', 'หนองกอมเกาะ'),
('430117', 'เทศบาลตำบลปะโค'),
('430118', 'เมืองหมี'),
('430119', 'สีกาย'),
('430120', 'โพนสว่าง'),
('430201', 'ท่าบ่อ'),
('430202', 'น้ำโมง'),
('430203', 'กองนาง'),
('430204', 'โคกคอน'),
('430205', 'บ้านเดื่อ'),
('430206', 'เทศบาลตำบลบ้านถ่อน'),
('430207', 'บ้านว่าน'),
('430208', 'นาข่า'),
('430209', 'โพนสา'),
('430210', 'หนองนาง'),
('430501', 'จุมพล'),
('430502', 'วัดหลวง'),
('430503', 'กุดบง'),
('430504', 'ชุมช้าง'),
('430506', 'ทุ่งหลวง'),
('430507', 'เหล่าต่างคำ'),
('430508', 'นาหนัง'),
('430509', 'เซิม'),
('430513', 'บ้านโพธิ์'),
('430521', 'บ้านผือ'),
('430522', 'เทศบาลตำบลสร้างนางขาว'),
('430701', 'พานพร้าว'),
('430703', 'บ้านหม้อ'),
('430704', 'พระพุทธบาท'),
('430705', 'เทศบาลตำบลหนองปลาปาก'),
('430801', 'แก้งไก่'),
('430802', 'ผาตั้ง'),
('430803', 'บ้านม่วง'),
('430804', 'นางิ้ว'),
('430805', 'สังคม'),
('431401', 'สระใคร'),
('431402', 'คอกช้าง'),
('431403', 'บ้านฝาง'),
('431501', 'เทศบาลตำบลเฝ้าไร่'),
('431502', 'นาดี'),
('431503', 'หนองหลวง'),
('431504', 'วังหลวง'),
('431505', 'อุดมพร'),
('431601', 'รัตนวาปี'),
('431602', 'นาทับไฮ'),
('431603', 'บ้านต้อน'),
('431604', 'พระบาทนาสิงห์'),
('431605', 'โพนแพง'),
('431701', 'โพธิ์ตาก'),
('431702', 'โพนทอง'),
('431703', 'ด่านศรีสุข'),
('440102', 'เขวา'),
('440103', 'ท่าตูม'),
('440104', 'แวงน่าง'),
('440105', 'โคกก่อ'),
('440106', 'ดอนหว่าน'),
('440107', 'เกิ้ง'),
('440108', 'แก่งเลิงจาน'),
('440109', 'ท่าสองคอน'),
('440110', 'ลาดพัฒนา'),
('440111', 'หนองปลิง'),
('440112', 'ห้วยแอ่ง'),
('440113', 'หนองโน'),
('440114', 'บัวค้อ'),
('440201', 'แกดำ'),
('440202', 'วังแสง'),
('440203', 'มิตรภาพ'),
('440204', 'หนองกุง'),
('440205', 'โนนภิบาล'),
('440301', 'หัวขวาง'),
('440302', 'ยางน้อย'),
('440303', 'วังยาว'),
('440304', 'เขวาไร่'),
('440305', 'แพง'),
('440306', 'แก้งแก'),
('440307', 'หนองเหล็ก'),
('440308', 'หนองบัว'),
('440309', 'เหล่า'),
('440310', 'เขื่อน'),
('440311', 'หนองบอน'),
('440312', 'โพนงาม'),
('440313', 'ยางท่าแจ้ง'),
('440314', 'แห่ใต้'),
('440315', 'หนองกุงสวรรค์'),
('440316', 'เลิงใต้'),
('440317', 'ดอนกลาง'),
('440401', 'โคกพระ'),
('440402', 'คันธารราษฎร์'),
('440403', 'มะค่า'),
('440404', 'ท่าขอนยาง'),
('440405', 'นาสีนวน'),
('440406', 'ขามเรียง'),
('440407', 'เขวาใหญ่'),
('440408', 'ศรีสุข'),
('440409', 'กุดใส้จ่อ'),
('440410', 'ขามเฒ่าพัฒนา'),
('440501', 'เชียงยืน'),
('440503', 'หนองซอน'),
('440505', 'ดอนเงิน'),
('440506', 'กู่ทอง'),
('440507', 'นาทอง'),
('440508', 'เสือเฒ่า'),
('440511', 'โพนทอง'),
('440512', 'เหล่าบัวบาน'),
('440601', 'บรบือ'),
('440602', 'บ่อใหญ่'),
('440604', 'วังไชย'),
('440605', 'หนองม่วง'),
('440606', 'กำพี้'),
('440607', 'โนนราษี'),
('440608', 'โนนแดง'),
('440610', 'หนองจิก'),
('440611', 'บัวมาศ'),
('440613', 'หนองคูขาด'),
('440615', 'วังใหม่'),
('440616', 'ยาง'),
('440618', 'หนองสิม'),
('440619', 'หนองโก'),
('440620', 'ดอนงัว'),
('440701', 'นาเชือก'),
('440702', 'สำโรง'),
('440703', 'หนองแดง'),
('440704', 'เขวาไร่'),
('440705', 'หนองโพธิ์'),
('440706', 'ปอพาน'),
('440707', 'หนองเม็ก'),
('440708', 'หนองเรือ'),
('440709', 'หนองกุง'),
('440710', 'สันป่าตอง'),
('440801', 'ปะหลาน'),
('440802', 'ก้ามปู'),
('440803', 'เวียงสะอาด'),
('440804', 'เม็กดำ'),
('440805', 'นาสีนวล'),
('440809', 'ราษฎร์เจริญ'),
('440810', 'หนองบัวแก้ว'),
('440812', 'เมืองเตา'),
('440815', 'ลานสะแก'),
('440816', 'เวียงชัย'),
('440817', 'หนองบัว'),
('440818', 'ราษฎร์พัฒนา'),
('440819', 'เมืองเสือ'),
('440820', 'ภารแอ่น'),
('440901', 'หนองแสง'),
('440902', 'ขามป้อม'),
('440903', 'เสือโก้ก'),
('440904', 'ดงใหญ่'),
('440905', 'โพธิ์ชัย'),
('440906', 'หัวเรือ'),
('440907', 'แคน'),
('440908', 'งัวบา'),
('440909', 'นาข่า'),
('440910', 'บ้านหวาย'),
('440911', 'หนองไฮ'),
('440912', 'ประชาพัฒนา'),
('440913', 'หนองทุ่ม'),
('440914', 'หนองแสน'),
('440915', 'โคกสีทองหลาง'),
('441002', 'หนองไผ่'),
('441003', 'หนองคู'),
('441004', 'ดงบัง'),
('441005', 'ดงดวน'),
('441006', 'หัวดง'),
('441007', 'ดงยาง'),
('441008', 'กู่สันตรัตน์'),
('441009', 'พระธาตุ'),
('441101', 'ยางสีสุราช'),
('441102', 'นาภู'),
('441103', 'แวงดง'),
('441104', 'บ้านกู่'),
('441105', 'ดงเมือง'),
('441106', 'สร้างแซ่ง'),
('441107', 'หนองบัวสันตุ'),
('441201', 'กุดรัง'),
('441202', 'นาโพธิ์'),
('441203', 'เลิงแฝก'),
('441204', 'หนองแวง'),
('441205', 'ห้วยเตย'),
('441301', 'ชื่นชม'),
('441302', 'กุดปลาดุก'),
('441303', 'เหล่าดอกไม้'),
('441304', 'หนองกุง'),
('450102', 'รอบเมือง'),
('450103', 'เหนือเมือง'),
('450104', 'ขอนแก่น'),
('450105', 'นาโพธิ์'),
('450106', 'สะอาดสมบูรณ์'),
('450108', 'สีแก้ว'),
('450109', 'ปอภาร  '),
('450110', 'โนนรัง'),
('450117', 'หนองแก้ว'),
('450118', 'หนองแวง'),
('450120', 'ดงลาน'),
('450123', 'แคนใหญ่'),
('450124', 'โนนตาล'),
('450125', 'เมืองทอง'),
('450201', 'เกษตรวิสัย'),
('450202', 'เมืองบัว'),
('450203', 'เหล่าหลวง'),
('450204', 'สิงห์โคก'),
('450205', 'ดงครั่งใหญ่'),
('450206', 'บ้านฝาง'),
('450207', 'หนองแวง'),
('450208', 'กำแพง'),
('450209', 'กู่กาสิงห์'),
('450210', 'น้ำอ้อม'),
('450211', 'โนนสว่าง'),
('450212', 'ทุ่งทอง'),
('450213', 'ดงครั่งน้อย'),
('450301', 'บัวแดง'),
('450302', 'ดอกล้ำ'),
('450303', 'หนองแคน'),
('450304', 'โพนสูง'),
('450305', 'โนนสวรรค์'),
('450306', 'สระบัว'),
('450307', 'โนนสง่า'),
('450308', 'ขี้เหล็ก'),
('450401', 'หัวช้าง'),
('450402', 'หนองผือ'),
('450403', 'เมืองหงส์'),
('450404', 'โคกล่าม'),
('450405', 'น้ำใส'),
('450406', 'ดงแดง'),
('450407', 'ดงกลาง'),
('450408', 'ป่าสังข์'),
('450409', 'อีง่อง'),
('450410', 'ลิ้นฟ้า'),
('450411', 'ดู่น้อย'),
('450412', 'ศรีโคตร'),
('450501', 'นิเวศน์'),
('450503', 'หนองไผ่'),
('450504', 'ธวัชบุรี'),
('450506', 'อุ่มเม้า'),
('450507', 'มะอึ'),
('450510', 'เขวาทุ่ง'),
('450515', 'ไพศาล'),
('450517', 'เมืองน้อย'),
('450520', 'บึงนคร'),
('450522', 'ราชธานี'),
('450524', 'หนองพอก'),
('450601', 'พนมไพร'),
('450602', 'แสนสุข'),
('450603', 'กุดน้ำใส'),
('450604', 'หนองทัพไทย'),
('450605', 'โพธิ์ใหญ่'),
('450606', 'วารีสวัสดิ์'),
('450607', 'โคกสว่าง'),
('450611', 'โพธิ์ชัย'),
('450612', 'นานวล'),
('450613', 'คำไฮ'),
('450614', 'สระแก้ว'),
('450615', 'ค้อใหญ่'),
('450617', 'ชานุวรรณ'),
('450701', 'แวง'),
('450702', 'โคกกกม่วง'),
('450703', 'นาอุดม'),
('450704', 'สว่าง'),
('450705', 'หนองใหญ่'),
('450706', 'โพธิ์ทอง'),
('450707', 'โนนชัยศรี'),
('450708', 'โพธิ์ศรีสว่าง'),
('450709', 'อุ่มเม่า'),
('450710', 'คำนาดี'),
('450711', 'พรมสวรรค์'),
('450712', 'สระนกแก้ว'),
('450713', 'วังสามัคคี'),
('450714', 'โคกสูง'),
('450801', 'ขามเปี้ย'),
('450803', 'บัวคำ'),
('450804', 'อัคคะคำ'),
('450805', 'สะอาด'),
('450806', 'คำพอุง'),
('450807', 'หนองตาไก้'),
('450808', 'ดอนโอง'),
('450809', 'โพธิ์ศรี'),
('450901', 'หนองพอก'),
('450902', 'บึงงาม'),
('450903', 'ภูเขาทอง'),
('450904', 'กกโพธิ์'),
('450905', 'โคกสว่าง'),
('450906', 'หนองขุ่นใหญ่'),
('450907', 'รอบเมือง'),
('450908', 'ผาน้ำย้อย'),
('450909', 'ท่าสีดา'),
('451002', 'นางาม'),
('451003', 'เมืองไพร'),
('451004', 'นาแซง'),
('451005', 'นาเมือง'),
('451006', 'วังหลวง'),
('451007', 'ท่าม่วง'),
('451008', 'ขวาว'),
('451009', 'โพธิ์ทอง'),
('451010', 'ภูเงิน'),
('451011', 'เกาะแก้ว'),
('451012', 'นาเลิง'),
('451013', 'เหล่าน้อย'),
('451014', 'ศรีวิลัย'),
('451015', 'หนองหลวง'),
('451016', 'พรสวรรค์'),
('451018', 'บึงเกลือ'),
('451101', 'สระคู'),
('451102', 'ดอกไม้'),
('451103', 'นาใหญ่'),
('451104', 'หินกอง'),
('451105', 'เมืองทุ่ง'),
('451106', 'หัวโทน'),
('451107', 'บ่อพันขัน'),
('451108', 'ทุ่งหลวง'),
('451109', 'หัวช้าง'),
('451110', 'น้ำคำ'),
('451111', 'ห้วยหินลาด'),
('451112', 'ช้างเผือก'),
('451113', 'ทุ่งกุลา'),
('451114', 'ทุ่งศรีเมือง'),
('451115', 'จำปาขัน'),
('451202', 'หนองหิน'),
('451203', 'คูเมือง'),
('451204', 'กกกุง'),
('451301', 'โพนทราย'),
('451302', 'สามขา'),
('451303', 'ศรีสว่าง'),
('451304', 'ยางคำ'),
('451305', 'ท่าหาดยาว'),
('451401', 'อาจสามารถ'),
('451402', 'โพนเมือง'),
('451403', 'บ้านแจ้ง'),
('451404', 'หน่อม'),
('451405', 'หนองหมื่นถ่าน'),
('451406', 'หนองขาม'),
('451407', 'โหรา'),
('451408', 'หนองบัว'),
('451409', 'ขี้เหล็ก'),
('451410', 'บ้านดู่'),
('451501', 'เมยวดี'),
('451502', 'ชุมพร'),
('451503', 'บุ่งเลิศ'),
('451504', 'ชมสะอาด'),
('451601', 'โพธิ์ทอง'),
('451602', 'ศรีสมเด็จ'),
('451603', 'เมืองเปลือย'),
('451604', 'หนองใหญ่'),
('451605', 'สวนจิก'),
('451606', 'โพธิ์สัย'),
('451607', 'หนองแวงควง'),
('451608', 'บ้านบาก'),
('451701', 'ดินดำ'),
('451702', 'ปาฝา'),
('451703', 'ม่วงลาด'),
('451704', 'จังหาร'),
('451705', 'ดงสิงห์'),
('451706', 'ยางใหญ่'),
('451707', 'ผักแว่น'),
('451708', 'แสนชาติ'),
('451801', 'เชียงขวัญ'),
('451802', 'พลับพลา'),
('451803', 'พระธาตุ'),
('451804', 'พระเจ้า'),
('451805', 'หมูม้น'),
('451806', 'บ้านเขือง'),
('451901', 'หนองฮี'),
('451902', 'สาวแห'),
('451903', 'ดูกอึ่ง'),
('451904', 'เด่นราษฎร์'),
('452001', 'ทุ่งเขาหลวง'),
('452002', 'เทอดไทย'),
('452003', 'บึงงาม'),
('452004', 'มะบ้า'),
('452005', 'เหล่า'),
('460102', 'เทศบาลตำบลเหนือ'),
('460103', 'เทศบาลตำบลหลุบ'),
('460104', 'เทศบาลตำบลไผ่'),
('460106', 'เทศบาลตำบลลำพาน'),
('460107', 'เทศบาลตำบลเชียงเครือ'),
('460108', 'เทศบาลตำบลบึงวิชัย'),
('460111', 'เทศบาลตำบลภูปอ'),
('460113', 'เทศบาลตำบลภูดิน'),
('460115', 'หนองกุง'),
('460116', 'เทศบาลตำบลกลางหมื่น'),
('460117', 'เทศบาลตำบลขมิ้น'),
('460119', 'เทศบาลตำบลโพนทอง'),
('460154', 'เทศบาลตำบลห้วยโพธิ์'),
('460155', 'เทศบาลตำบลลำคลอง'),
('460201', 'นามน'),
('460202', 'ยอดแกง'),
('460203', 'เทศบาลตำบลสงเปลือย'),
('460204', 'หลักเหลี่ยม'),
('460205', 'หนองบัว'),
('460301', 'กมลาไสย'),
('460302', 'หลักเมือง'),
('460303', 'โพนงาม'),
('460304', 'เทศบาลตำบลดงลิง'),
('460305', 'ธัญญา'),
('460310', 'เจ้าท่า'),
('460311', 'โคกสมบูรณ์'),
('460402', 'สามัคคี'),
('460403', 'เหล่าอ้อย'),
('460501', 'บัวขาว'),
('460502', 'แจนแลน'),
('460503', 'เทศบาลตำบลเหล่าใหญ่'),
('460505', 'เหล่าไฮงาม'),
('460506', 'กุดหว้า'),
('460507', 'สามขา'),
('460509', 'หนองห้าง'),
('460510', 'นาโก'),
('460511', 'สมสะอาด'),
('460512', 'กุดค้าว'),
('460552', 'เทศบาลตำบลจุมจัง'),
('460553', 'เทศบาลตำบลนาขาม'),
('460601', 'คุ้มเก่า'),
('460602', 'สงเปลือย'),
('460603', 'หนองผือ'),
('460606', 'กุดสิมคุ้มใหม่'),
('460653', 'เทศบาลตำบลสระพังทอง'),
('460701', 'ยางตลาด'),
('460702', 'หัวงัว'),
('460703', 'เทศบาลตำบลอุ่มเม่า'),
('460705', 'เว่อ'),
('460708', 'หนองอิเฒ่า'),
('460709', 'ดอนสมบูรณ์'),
('460710', 'นาเชือก'),
('460711', 'คลองขาม'),
('460712', 'เทศบาลตำบลเขาพระนอน'),
('460713', 'นาดี'),
('460714', 'เทศบาลตำบลโนนสูง'),
('460715', 'หนองตอกแป้น'),
('460749', 'เทศบาลตำบลบัวบาน'),
('460750', 'เทศบาลตำบลหัวนาคำ'),
('460751', 'เทศบาลตำบลอิตื้อ'),
('460801', 'เทศบาลตำบลท่าลาดดงยาง'),
('460802', 'คำใหญ่'),
('460803', 'กุดโดน'),
('460804', 'บึงนาเรียง'),
('460805', 'หัวหิน'),
('460806', 'พิมูล'),
('460807', 'เทศบาลตำบลคำเหมือดแก้ว'),
('460808', 'โนนสะอาด'),
('460809', 'ทรายทอง'),
('460902', 'สหัสขันธ์'),
('460903', 'เทศบาลตำบลนามะเขือ'),
('460904', 'เทศบาลตำบลโนนศิลา'),
('460906', 'โนนแหลมทอง'),
('460943', 'เทศบาลตำบลโนนน้ำเกลี้ยง'),
('460944', 'เทศบาลตำบลภูสิงห์'),
('460945', 'เทศบาลตำบลนิคม'),
('461001', 'ทุ่งคลอง'),
('461002', 'โพน'),
('461005', 'ดินจี่'),
('461006', 'นาบอน'),
('461009', 'เนินยาง'),
('461051', 'เทศบาลตำบลนาทัน'),
('461102', 'เทศบาลตำบลกุงเก่า'),
('461103', 'ยางอู้ม'),
('461104', 'เทศบาลตำบลกุดจิก'),
('461105', 'เทศบาลตำบลนาตาล'),
('461106', 'เทศบาลตำบลดงสมบูรณ์'),
('461201', 'เทศบาลตำบลคำก้าว'),
('461202', 'เทศบาลตำบลหนองบัว'),
('461203', 'โคกเครือ'),
('461204', 'เทศบาลตำบลหนองสรวง'),
('461205', 'เสาเล้า'),
('461206', 'หนองใหญ่'),
('461207', 'ดงมูล'),
('461209', 'หนองหิน'),
('461301', 'สมเด็จ'),
('461302', 'หนองแวง'),
('461303', 'แซงบาดาล'),
('461304', 'มหาไชย'),
('461305', 'หมูม่น'),
('461306', 'ผาเสวย'),
('461307', 'ศรีสมเด็จ'),
('461308', 'ลำห้วยหลัว'),
('461401', 'เทศบาลตำบลคำบง'),
('461402', 'ไค้นุ่น'),
('461403', 'นิคมห้วยผึ้ง'),
('461404', 'เทศบาลตำบลหนองอีบุตร'),
('461501', 'สำราญ'),
('461502', 'สำราญใต้'),
('461503', 'คำสร้างเที่ยง'),
('461504', 'หนองช้าง'),
('461601', 'นาคู'),
('461602', 'สายนาวัง'),
('461603', 'โนนนาจาน'),
('461604', 'บ่อแก้ว'),
('461605', 'ภูแล่นช้าง'),
('461701', 'เทศบาลตำบลดอนจาน'),
('461702', 'สะอาดไชยศรี'),
('461703', 'ดงพยุง'),
('461704', 'เทศบาลตำบลม่วงนา'),
('461705', 'นาจำปา'),
('461801', 'เทศบาลตำบลฆ้องชัยพัฒนา'),
('461802', 'เหล่ากลาง'),
('461803', 'โคกสะอาด'),
('461804', 'โนนศิลาเลิง'),
('461805', 'ลำชี'),
('470102', 'ขมิ้น'),
('470103', 'งิ้วด่อน'),
('470104', 'โนนหอม'),
('470106', 'เชียงเครือ'),
('470107', 'ท่าแร่'),
('470109', 'ม่วงลาย'),
('470111', 'ดงชน'),
('470112', 'ห้วยยาง'),
('470113', 'พังขว้าง'),
('470115', 'ดงมะไฟ'),
('470116', 'ธาตุนาเวง'),
('470117', 'เหล่าปอแดง'),
('470118', 'หนองลาด'),
('470120', 'ฮางโฮง'),
('470121', 'โคกก่อง'),
('470201', 'กุสุมาลย์'),
('470202', 'นาโพธิ์'),
('470203', 'นาเพียง'),
('470204', 'โพธิไพศาล'),
('470205', 'อุ่มจาน'),
('470301', 'กุดบาก'),
('470303', 'นาม่อง'),
('470305', 'กุดไห'),
('470401', 'พรรณา'),
('470402', 'วังยาง'),
('470403', 'พอกน้อย'),
('470404', 'นาหัวบ่อ'),
('470405', 'ไร่'),
('470406', 'ช้างมิ่ง'),
('470407', 'นาใน'),
('470408', 'สว่าง'),
('470409', 'บะฮี'),
('470410', 'เชิงชุม'),
('470501', 'พังโคน'),
('470502', 'ม่วงไข่'),
('470503', 'แร่'),
('470504', 'ไฮหย่อง'),
('470505', 'ต้นผึ้ง'),
('470601', 'วาริชภูมิ'),
('470602', 'ปลาโหล'),
('470603', 'หนองลาด'),
('470604', 'คำบ่อ'),
('470605', 'ค้อเขียว'),
('470701', 'นิคมน้ำอูน'),
('470702', 'หนองปลิง'),
('470703', 'หนองบัว'),
('470704', 'สุวรรณคาม'),
('470801', 'วานรนิวาส'),
('470802', 'เดื่อศรีคันไชย'),
('470803', 'ขัวก่าย'),
('470804', 'หนองสนม'),
('470805', 'คูสะคาม'),
('470806', 'ธาตุ'),
('470807', 'หนองแวง'),
('470808', 'ศรีวิชัย'),
('470809', 'นาซอ'),
('470810', 'อินทร์แปลง'),
('470811', 'นาคำ'),
('470812', 'คอนสวรรค์'),
('470813', 'กุดเรือคำ'),
('470814', 'หนองแวงใต้'),
('470901', 'คำตากล้า'),
('470902', 'หนองบัวสิม'),
('470903', 'นาแต้'),
('470904', 'แพด'),
('471001', 'เทศบาลม่วง'),
('471002', 'มาย'),
('471003', 'ดงหม้อทอง'),
('471004', 'ดงเหนือ'),
('471005', 'ดงหม้อทองใต้'),
('471006', 'ห้วยหลัว'),
('471007', 'โนนสะอาด'),
('471008', 'หนองกวั่ง'),
('471009', 'บ่อแก้ว'),
('471101', 'อากาศ'),
('471102', 'โพนแพง'),
('471103', 'วาใหญ่'),
('471104', 'โพนงาม'),
('471105', 'ท่าก้อน'),
('471106', 'นาฮี'),
('471107', 'บะหว้า'),
('471108', 'สามัคคีพัฒนา'),
('471201', 'สว่างแดนดิน'),
('471203', 'คำสะอาด'),
('471204', 'บ้านต้าย'),
('471206', 'บงเหนือ'),
('471207', 'โพนสูง'),
('471208', 'โคกสี'),
('471210', 'หนองหลวง'),
('471211', 'บงใต้'),
('471212', 'ค้อใต้'),
('471213', 'พันนา'),
('471214', 'แวง'),
('471215', 'ทรายมูล'),
('471216', 'ตาลโกน'),
('471217', 'ตาลเนิ้ง'),
('471220', 'ธาตุทอง'),
('471221', 'บ้านถ่อน'),
('471301', 'ส่องดาว'),
('471302', 'ท่าศิลา'),
('471303', 'วัฒนา'),
('471304', 'ปทุมวาปี'),
('471401', 'เต่างอย'),
('471402', 'บึงทวาย'),
('471403', 'นาตาล'),
('471404', 'จันทร์เพ็ญ'),
('471501', 'ตองโขบ'),
('471502', 'เหล่าโพนค้อ'),
('471503', 'ด่านม่วงคำ'),
('471504', 'แมดนาท่ม'),
('471601', 'บ้านเหล่า'),
('471602', 'เจริญศิลป์'),
('471603', 'ทุ่งแก'),
('471604', 'โคกศิลา'),
('471605', 'หนองแปน'),
('471701', 'บ้านโพน'),
('471702', 'นาแก้ว'),
('471703', 'นาตงวัฒนา'),
('471704', 'บ้านแป้น'),
('471705', 'เชียงสือ'),
('471801', 'สร้างค้อ'),
('471802', 'หลุบเลา'),
('471803', 'โคกภู'),
('471804', 'กกปลาซิว'),
('480103', 'นาทราย'),
('480104', 'นาราชควาย'),
('480105', 'กุรุคุ'),
('480106', 'บ้านผึ้ง'),
('480107', 'อาจสามารถ'),
('480108', 'ขามเฒ่า'),
('480109', 'บ้านกลาง'),
('480110', 'ท่าค้อ'),
('480111', 'คำเตย'),
('480112', 'หนองญาติ'),
('480113', 'ดงขวาง'),
('480114', 'วังตามัว'),
('480115', 'โพธิ์ตาก'),
('480201', 'ปลาปาก'),
('480202', 'หนองฮี'),
('480203', 'กุตาไก้'),
('480204', 'โคกสว่าง'),
('480205', 'โคกสูง'),
('480206', 'มหาชัย'),
('480207', 'นามะเขือ'),
('480208', 'หนองเทาใหญ่'),
('480302', 'โนนตาล'),
('480303', 'ท่าจำปา'),
('480304', 'ไชยบุรี'),
('480305', 'พนอม'),
('480306', 'พะทาย'),
('480311', 'เวินพระบาท'),
('480312', 'รามราช'),
('480314', 'หนองเทา'),
('480402', 'ไผ่ล้อม'),
('480403', 'โพนทอง'),
('480404', 'หนองแวง'),
('480408', 'นางัว'),
('480409', 'นาเข'),
('480501', 'ธาตุพนม'),
('480502', 'ฝั่งแดง'),
('480503', 'โพนแพง'),
('480504', 'พระกลางทุ่ง'),
('480505', 'นาถ่อน'),
('480506', 'แสนพัน'),
('480507', 'ดอนนางหงส์'),
('480508', 'น้ำก่ำ'),
('480509', 'อุ่มเหม้า'),
('480510', 'นาหนาด'),
('480511', 'กุดฉิม'),
('480512', 'ธาตุพนมเหนือ'),
('480601', 'เรณู'),
('480602', 'โพนทอง'),
('480603', 'ท่าลาด'),
('480604', 'นางาม'),
('480605', 'โคกหินแฮ่'),
('480607', 'หนองย่างชิ้น'),
('480608', 'เรณูใต้'),
('480609', 'นาขาม'),
('480701', 'นาแก'),
('480702', 'พระซอง'),
('480703', 'หนองสังข์'),
('480704', 'นาคู่'),
('480705', 'พิมาน'),
('480706', 'พุ่มแก'),
('480707', 'ก้านเหลือง'),
('480708', 'หนองบ่อ'),
('480709', 'นาเลียง'),
('480712', 'บ้านแก้ง'),
('480713', 'คำพี้'),
('480715', 'สีชมพู'),
('480801', 'ศรีสงคราม'),
('480802', 'นาเดื่อ'),
('480803', 'บ้านเอื้อง'),
('480804', 'สามผง'),
('480805', 'ท่าบ่อสงคราม'),
('480806', 'บ้านข่า'),
('480807', 'นาคำ'),
('480808', 'โพนสว่าง'),
('480809', 'หาดแพง'),
('480901', 'นาหว้า'),
('480902', 'นางัว'),
('480903', 'บ้านเสียว'),
('480904', 'นาคูณใหญ่'),
('480905', 'เหล่าพัฒนา'),
('480906', 'ท่าเรือ'),
('481001', 'โพนสวรรค์'),
('481002', 'นาหัวบ่อ'),
('481003', 'นาขมิ้น'),
('481004', 'โพนบก'),
('481005', 'บ้านค้อ'),
('481006', 'โพนจาน'),
('481007', 'นาใน'),
('481101', 'นาทม'),
('481102', 'หนองซน'),
('481103', 'ดอนเตย'),
('481201', 'วังยาง'),
('481202', 'โคกสี'),
('481203', 'ยอดชาด'),
('481204', 'หนองโพธิ์'),
('490101', 'เทศบาลตำบลมุก'),
('490103', 'บ้านโคก'),
('490104', 'เทศบาลตำบลบางทรายใหญ่'),
('490105', 'เทศบาลตำบลโพนทราย'),
('490106', 'เทศบาลตำบลผึ่งแดด'),
('490107', 'เทศบาลตำบลนาโสก'),
('490108', 'นาสีนวน'),
('490109', 'เทศบาลตำบลคำป่าหลาย'),
('490110', 'เทศบาลตำบลคำอาฮวน'),
('490111', 'เทศบาลตำบลดงเย็น'),
('490112', 'เทศบาลตำบลดงมอน'),
('490113', 'กุดแข้'),
('490201', 'นิคมคำสร้อย'),
('490202', 'นากอก'),
('490203', 'หนองแวง'),
('490204', 'กกแดง'),
('490205', 'นาอุดม'),
('490206', 'โชคชัย'),
('490207', 'เทศบาลตำบลร่มเกล้า'),
('490301', 'เทศบาลตำบลดอนตาลผาสุก'),
('490302', 'โพธิ์ไทร'),
('490303', 'ป่าไร่'),
('490304', 'เหล่าหมี'),
('490305', 'บ้านบาก'),
('490306', 'นาสะเม็ง'),
('490307', 'เทศบาลตำบลบ้านแก้ง'),
('490401', 'เทศบาลตำบลดงหลวง'),
('490402', 'หนองบัว'),
('490403', 'เทศบาลตำบลกกตูม'),
('490404', 'เทศบาลตำบลหนองแคน'),
('490405', 'ชะโนดน้อย'),
('490406', 'พังแดง'),
('490503', 'บ้านซ่ง'),
('490504', 'คำชะอี'),
('490505', 'หนองเอี่ยน'),
('490506', 'บ้านค้อ'),
('490507', 'บ้านเหล่า'),
('490508', 'โพนงาม'),
('490511', 'เหล่าสร้างถ่อ'),
('490512', 'คำบก'),
('490514', 'น้ำเที่ยง'),
('490601', 'เทศบาลตำบลหว้านใหญ่'),
('490602', 'ป่งขาม'),
('490603', 'บางทรายน้อย'),
('490604', 'ชะโนด'),
('490605', 'ดงหมู'),
('490701', 'หนองสูง'),
('490702', 'โนนยาง'),
('490703', 'เทศบาลตำบลภูวง'),
('490704', 'เทศบาลตำบลบ้านเป้า'),
('490705', 'หนองสูงใต้'),
('490706', 'เทศบาลตำบลหนองสูงเหนือ'),
('500107', 'ช้างเผือก'),
('500108', 'สุเทพ'),
('500110', 'ป่าแดด'),
('500111', 'หนองหอย'),
('500112', 'ท่าศาลา'),
('500113', 'หนองป่าครั่ง'),
('500114', 'ฟ้าฮ่าม'),
('500116', 'สันผีเสื้อ'),
('500203', 'บ้านหลวง'),
('500204', 'ข่วงเปา'),
('500205', 'สบเตี๊ยะ'),
('500206', 'บ้านแปะ'),
('500207', 'ดอยแก้ว'),
('500209', 'แม่สอย'),
('500301', 'ช่างเคิ่ง'),
('500302', 'ท่าผา'),
('500303', 'บ้านทับ'),
('500304', 'แม่ศึก'),
('500305', 'แม่นาจร'),
('500307', 'ปางหินฝน'),
('500308', 'กองแขก'),
('500401', 'เชียงดาว'),
('500402', 'เมืองนะ'),
('500404', 'แม่นะ'),
('500405', 'เมืองคอง'),
('500406', 'ปิงโค้ง'),
('500407', 'ทุ่งข้าวพวง'),
('500409', 'พระธาตุปู่ก่ำ'),
('500501', 'เชิงดอย'),
('500502', 'สันปูเลย'),
('500503', 'ลวงเหนือ'),
('500504', 'ป่าป้อง'),
('500505', 'สง่าบ้าน'),
('500506', 'ป่าลาน'),
('500507', 'ตลาดขวัญ'),
('500508', 'สำราญราษฎร์'),
('500509', 'แม่คือ'),
('500510', 'ตลาดใหญ่'),
('500511', 'แม่ฮ้อยเงิน'),
('500512', 'แม่โป่ง');
INSERT INTO `tb_subdistrict` (`subdistrict_id`, `subdistrict_name`) VALUES
('500513', 'ป่าเมี่ยง'),
('500514', 'เทพเสด็จ'),
('500602', 'แม่แตง'),
('500603', 'ขี้เหล็ก'),
('500605', 'แม่หอพระ'),
('500606', 'สบเปิง'),
('500607', 'บ้านเป้า'),
('500608', 'สันป่ายาง'),
('500609', 'ป่าแป๋'),
('500610', 'เมืองก๋าย'),
('500611', 'บ้านช้าง'),
('500612', 'กื้ดช้าง'),
('500613', 'อินทขิล'),
('500702', 'ริมเหนือ'),
('500703', 'สันโป่ง'),
('500704', 'ขี้เหล็ก'),
('500705', 'สะลวง'),
('500706', 'ห้วยทราย'),
('500707', 'แม่แรม'),
('500708', 'โป่งแยง'),
('500709', 'แม่สา'),
('500710', 'ดอนแก้ว'),
('500711', 'เหมืองแก้ว'),
('500802', 'สะเมิงเหนือ'),
('500803', 'แม่สาบ'),
('500804', 'บ่อแก้ว'),
('500805', 'ยั้งเมิน'),
('500901', 'เวียง'),
('500903', 'ม่อนปิ่น'),
('500904', 'แม่งอน'),
('500905', 'แม่สูน'),
('500906', 'สันทราย'),
('500910', 'แม่คะ'),
('500911', 'แม่ข่า'),
('500912', 'โป่งน้ำร้อน'),
('501001', 'แม่อาย'),
('501002', 'แม่สาว'),
('501003', 'สันต้นหมื้อ'),
('501004', 'แม่นาวาง'),
('501005', 'ท่าตอน'),
('501006', 'บ้านหลวง'),
('501007', 'มะลิกา'),
('501103', 'ป่าตุ้ม'),
('501104', 'ป่าไหน่'),
('501105', 'สันทราย'),
('501106', 'บ้านโป่ง'),
('501107', 'น้ำแพร่'),
('501108', 'เขื่อนผาก'),
('501109', 'แม่แวน'),
('501110', 'แม่ปั๋ง'),
('501111', 'โหล่งขอด'),
('501201', 'ยุหว่า'),
('501202', 'สันกลาง'),
('501203', 'ท่าวังพร้าว'),
('501204', 'มะขามหลวง'),
('501205', 'แม่ก๊า'),
('501206', 'บ้านแม'),
('501207', 'บ้านกลาง'),
('501208', 'ทุ่งสะโตก'),
('501210', 'ทุ่งต้อม'),
('501214', 'น้ำบ่อหลวง'),
('501215', 'มะขุนหวาน'),
('501301', 'สันกำแพง'),
('501303', 'ร้องวัวแดง'),
('501304', 'บวกค้าง'),
('501305', 'แช่ช้าง'),
('501306', 'ออนใต้'),
('501310', 'แม่ปูคา'),
('501311', 'ห้วยทราย'),
('501313', 'สันกลาง'),
('501403', 'สันพระเนตร'),
('501404', 'สันนาเม็ง'),
('501405', 'สันป่าเปา'),
('501406', 'หนองแหย่ง'),
('501407', 'หนองจ๊อม'),
('501408', 'หนองหาร'),
('501409', 'แม่แฝก'),
('501410', 'แม่แฝกใหม่'),
('501411', 'เมืองเล็น'),
('501412', 'ป่าไผ่'),
('501501', 'หางดง'),
('501502', 'หนองแก๋ว'),
('501503', 'หารแก้ว'),
('501505', 'ขุนคง'),
('501506', 'สบแม่ข่า'),
('501507', 'บ้านแหวน'),
('501508', 'สันผักหวาน'),
('501509', 'หนองควาย'),
('501510', 'บ้านปง'),
('501511', 'น้ำแพร่'),
('501601', 'หางดง'),
('501602', 'ฮอด'),
('501603', 'บ้านตาล'),
('501604', 'บ่อหลวง'),
('501605', 'บ่อสลี'),
('501606', 'นาคอเรือ'),
('501701', 'ดอยเต่า'),
('501702', 'ท่าเดื่อ'),
('501703', 'มืดกา'),
('501704', 'บ้านแอ่น'),
('501705', 'บงตัน'),
('501706', 'โปงทุ่ง'),
('501801', 'อมก๋อย'),
('501802', 'ยางเปียง'),
('501803', 'แม่ตื่น'),
('501804', 'ม่อนจอง'),
('501805', 'สบโขง'),
('501806', 'นาเกียน'),
('501902', 'สารภี'),
('501903', 'ชมภู'),
('501904', 'ไชยสถาน'),
('501905', 'ขัวมุง'),
('501906', 'หนองแฝก'),
('501907', 'หนองผึ้ง'),
('501908', 'ท่ากว้าง'),
('501909', 'ดอนแก้ว'),
('501910', 'ท่าวังตาล'),
('501911', 'สันทราย'),
('501912', 'ป่าบง'),
('502001', 'เมืองแหง'),
('502002', 'เปียงหลวง'),
('502003', 'แสนไห'),
('502102', 'ศรีดงเย็น'),
('502103', 'แม่ทะลบ'),
('502104', 'หนองบัว'),
('502201', 'บ้านกาด'),
('502202', 'ทุ่งปี๊'),
('502203', 'ทุ่งรวงทอง'),
('502204', 'แม่วิน'),
('502205', 'ดอนเปา'),
('502301', 'ออนเหนือ'),
('502302', 'ออนกลาง'),
('502303', 'บ้านสหกรณ์'),
('502304', 'ห้วยแก้ว'),
('502305', 'แม่ทา'),
('502306', 'ทาเหนือ'),
('502401', 'ดอยหล่อ'),
('502402', 'สองแคว'),
('502403', 'ยางคราม'),
('502404', 'สันติสุข'),
('502506', 'บ้านจันทร์'),
('502509', 'แม่แดด'),
('502510', 'แจ่มหลวง'),
('510102', 'เหมืองง่า'),
('510104', 'หนองช้างคืน'),
('510105', 'ประตูป่า'),
('510107', 'ต้นธง'),
('510108', 'บ้านแป้น'),
('510109', 'เหมืองจี้'),
('510110', 'ป่าสัก'),
('510111', 'เวียงยอง'),
('510112', 'บ้านกลาง'),
('510113', 'มะเขือแจ้'),
('510116', 'ศรีบัวบาน'),
('510117', 'หนองหนาม'),
('510201', 'ทาปลาดุก'),
('510203', 'ทากาศ'),
('510204', 'ทาขุมเงิน'),
('510205', 'ทาทุ่งหลวง'),
('510206', 'ทาแม่ลอบ'),
('510207', 'เทศบาลตำบลทาสบชัย'),
('510301', 'บ้านโฮ่ง'),
('510302', 'ป่าพลู'),
('510303', 'เหล่ายาว'),
('510304', 'ศรีเตี้ย'),
('510305', 'หนองปลาสะวาย'),
('510401', 'ลี้'),
('510402', 'แม่ตืน'),
('510403', 'นาทราย'),
('510404', 'ดงดำ'),
('510405', 'ก้อ'),
('510406', 'แม่ลาน'),
('510408', 'ป่าไผ่'),
('510409', 'ศรีวิชัย'),
('510501', 'ทุ่งหัวช้าง'),
('510502', 'บ้านปวง'),
('510503', 'ตะเคียนปม'),
('510605', 'บ้านเรือน'),
('510606', 'มะกอก'),
('510607', 'ท่าตุ้ม'),
('510608', 'น้ำดิบ'),
('510611', 'นครเจดีย์'),
('510638', 'เทศบาลตำบลแม่แรง'),
('510701', 'บ้านธิ'),
('510702', 'ห้วยยาบ'),
('510801', 'หนองล่อง'),
('510802', 'หนองยวง'),
('520109', 'บ้านแลง'),
('520110', 'บ้านเสด็จ'),
('520111', 'พิชัย'),
('520112', 'ทุ่งฝาย'),
('520113', 'บ้านเอื้อม'),
('520114', 'บ้านเป้า'),
('520115', 'บ้านค่า'),
('520116', 'บ่อแฮ้ว'),
('520117', 'ต้นธงชัย'),
('520118', 'นิคมพัฒนา'),
('520119', 'บุญนาคพัฒนา'),
('520201', 'บ้านดง'),
('520202', 'นาสัก'),
('520203', 'จางเหนือ'),
('520204', 'แม่เมาะ'),
('520205', 'สบป้าด'),
('520301', 'ลำปางหลวง'),
('520302', 'นาแก้ว'),
('520303', 'ไหล่หิน'),
('520304', 'วังพร้าว'),
('520305', 'ศาลา'),
('520306', 'เกาะคา'),
('520307', 'นาแส่ง'),
('520308', 'ท่าผา'),
('520309', 'ใหม่พัฒนา'),
('520401', 'ทุ่งงาม'),
('520402', 'เสริมขวา'),
('520403', 'เสริมซ้าย'),
('520404', 'เสริมกลาง'),
('520502', 'เทศบาลตำบลหลวงใต้'),
('520503', 'บ้านโป่ง'),
('520504', 'บ้านร้อง'),
('520505', 'ปงเตา'),
('520506', 'นาแก'),
('520507', 'บ้านอ้อน'),
('520508', 'บ้านแหง'),
('520509', 'บ้านหวด'),
('520510', 'แม่ตีบ'),
('520601', 'แจ้ห่ม'),
('520602', 'บ้านสา'),
('520603', 'ปงดอน'),
('520604', 'แม่สุก'),
('520605', 'เมืองมาย'),
('520606', 'ทุ่งผึ้ง'),
('520607', 'วิเชตนคร'),
('520701', 'ทุ่งฮั้ว'),
('520702', 'วังเหนือ'),
('520703', 'วังใต้'),
('520704', 'ร่องเคาะ'),
('520705', 'วังทอง'),
('520706', 'วังซ้าย'),
('520707', 'วังแก้ว'),
('520708', 'วังทรายคำ'),
('520802', 'แม่วะ'),
('520803', 'แม่ปะ'),
('520804', 'แม่มอก'),
('520805', 'เวียงมอก'),
('520806', 'นาโป่ง'),
('520807', 'แม่ถอด'),
('520808', 'เถินบุรี'),
('520901', 'แม่พริก'),
('520902', 'ผาปัง'),
('520904', 'พระบาทวังตวง'),
('521001', 'แม่ทะ'),
('521002', 'นาครัว'),
('521004', 'บ้านกิ่ว'),
('521005', 'บ้านบอม'),
('521006', 'น้ำโจ้'),
('521007', 'ดอนไฟ'),
('521008', 'หัวเสือ'),
('521010', 'วังเงิน'),
('521047', 'เทศบาลตำบลสิริราช'),
('521101', 'สบปราบ'),
('521102', 'สมัย'),
('521103', 'แม่กัวะ'),
('521104', 'นายาง'),
('521201', 'ห้างฉัตร'),
('521202', 'หนองหล่ม'),
('521203', 'เมืองยาว'),
('521204', 'ปงยางคก'),
('521205', 'เวียงตาล'),
('521206', 'แม่สัน'),
('521207', 'วอแก้ว'),
('521301', 'เมืองปาน'),
('521302', 'บ้านขอ'),
('521303', 'ทุ่งกว๋าว'),
('521304', 'แจ้ซ้อน'),
('521305', 'หัวเมือง'),
('530102', 'ท่าเสา'),
('530103', 'บ้านเกาะ'),
('530104', 'ป่าเซ่า'),
('530105', 'คุ้งตะเภา'),
('530106', 'วังกะพี้'),
('530107', 'หาดกรวด'),
('530108', 'น้ำริด'),
('530109', 'งิ้วงาม'),
('530110', 'บ้านด่านนาขาม'),
('530111', 'บ้านด่าน'),
('530112', 'ผาจุก'),
('530113', 'วังดิน'),
('530114', 'แสนตอ'),
('530115', 'หาดงิ้ว'),
('530116', 'ขุนฝาง'),
('530117', 'ถ้ำฉลอง'),
('530201', 'วังแดง'),
('530202', 'บ้านแก่ง'),
('530203', 'หาดสองแคว'),
('530204', 'น้ำอ่าง'),
('530205', 'ข่อยสูง'),
('530301', 'ท่าปลา'),
('530302', 'หาดล้า'),
('530303', 'ผาเลือด'),
('530304', 'จริม'),
('530305', 'น้ำหมัน'),
('530306', 'ท่าแฝก'),
('530307', 'นางพญา'),
('530308', 'ร่วมจิต'),
('530401', 'แสนตอ'),
('530402', 'บ้านฝาย'),
('530403', 'เด่นเหล็ก'),
('530404', 'น้ำไคร้'),
('530405', 'น้ำไผ่'),
('530406', 'ห้วยมุ่น'),
('530501', 'ฟากท่า'),
('530502', 'สองคอน'),
('530503', 'บ้านเสี้ยว'),
('530504', 'สองห้อง'),
('530601', 'ม่วงเจ็ดต้น'),
('530603', 'นาขุม'),
('530604', 'บ่อเบี้ย'),
('530701', 'ในเมือง'),
('530702', 'บ้านดารา'),
('530703', 'ไร่อ้อย'),
('530704', 'ท่าสัก'),
('530705', 'คอรุม'),
('530706', 'บ้านหม้อ'),
('530707', 'ท่ามะเฟือง'),
('530708', 'บ้านโคน'),
('530709', 'พญาแมน'),
('530710', 'นาอิน'),
('530711', 'นายาง'),
('530802', 'แม่พูล'),
('530803', 'นานกกก'),
('530804', 'ฝายหลวง'),
('530805', 'ชัยจุมพล'),
('530806', 'ไผ่ล้อม'),
('530807', 'ทุ่งยั้ง'),
('530808', 'ด่านแม่คำมัน'),
('530901', 'ผักขวง'),
('530902', 'บ่อทอง'),
('530903', 'ป่าคาย'),
('530904', 'น้ำพี้'),
('540102', 'นาจักร'),
('540103', 'น้ำชำ'),
('540104', 'ป่าแดง'),
('540106', 'เหมืองหม้อ'),
('540107', 'วังธง'),
('540109', 'ห้วยม้า'),
('540110', 'ป่าแมต'),
('540111', 'บ้านถิ่น'),
('540112', 'สวนเขื่อน'),
('540113', 'วังหงส์'),
('540114', 'แม่คำมี'),
('540115', 'ทุ่งกวาว'),
('540116', 'ท่าข้าม'),
('540117', 'แม่ยม'),
('540119', 'ร่องฟอง'),
('540120', 'กาญจนา'),
('540201', 'ร้องกวาง'),
('540205', 'น้ำเลา'),
('540206', 'บ้านเวียง'),
('540208', 'แม่ยางตาล'),
('540209', 'แม่ยางฮ่อ'),
('540210', 'ไผ่โทน'),
('540213', 'ห้วยโรง'),
('540214', 'แม่ทราย'),
('540215', 'แม่ยางร้อง'),
('540301', 'ห้วยอ้อ'),
('540302', 'บ้านปิน'),
('540303', 'ต้าผามอก'),
('540304', 'เวียงต้า'),
('540305', 'ปากกาง'),
('540306', 'หัวทุ่ง'),
('540307', 'ทุ่งแล้ง'),
('540308', 'บ่อเหล็กลอง'),
('540309', 'แม่ปาน'),
('540401', 'สูงเม่น'),
('540402', 'น้ำชำ'),
('540403', 'หัวฝาย'),
('540404', 'ดอนมูล'),
('540405', 'บ้านเหล่า'),
('540406', 'บ้านกวาง'),
('540407', 'บ้านปง'),
('540408', 'บ้านกาศ'),
('540409', 'ร่องกาศ'),
('540410', 'สบสาย'),
('540411', 'เวียงทอง'),
('540412', 'พระหลวง'),
('540501', 'เด่นชัย'),
('540502', 'แม่จั๊วะ'),
('540503', 'ไทรย้อย'),
('540504', 'ห้วยไร่'),
('540505', 'ปงป่าหวาย'),
('540601', 'บ้านหนุน'),
('540602', 'บ้านกลาง'),
('540603', 'ห้วยหม้าย'),
('540604', 'เตาปูน'),
('540605', 'หัวเมือง'),
('540606', 'สะเอียบ'),
('540607', 'แดนชุมพล'),
('540608', 'ทุ่งน้าว'),
('540701', 'วังชิ้น'),
('540702', 'สรอย'),
('540703', 'แม่ป้าก'),
('540704', 'นาพูน'),
('540705', 'แม่พุง'),
('540706', 'ป่าสัก'),
('540707', 'แม่เกิ๋ง'),
('540801', 'แม่คำมี'),
('540803', 'น้ำรัด'),
('540804', 'วังหลวง'),
('540805', 'ตำหนักธรรม'),
('540806', 'ทุ่งแค้ว'),
('550102', 'บ่อ'),
('550103', 'ผาสิงห์'),
('550104', 'ไชยสถาน'),
('550105', 'ถืมตอง'),
('550106', 'เรือง'),
('550107', 'นาซาว'),
('550108', 'ดู่ใต้'),
('550109', 'กองควาย'),
('550116', 'บ่อสวก'),
('550117', 'สะเนียน'),
('550202', 'หนองแดง'),
('550203', 'หมอเมือง'),
('550204', 'น้ำพาง'),
('550205', 'น้ำปาย'),
('550206', 'แม่จริม'),
('550301', 'บ้านฟ้า'),
('550302', 'ป่าคาหลวง'),
('550303', 'สวด'),
('550304', 'บ้านพี้'),
('550401', 'นาน้อย'),
('550402', 'เชียงของ'),
('550403', 'ศรีษะเกษ'),
('550404', 'สถาน'),
('550405', 'สันทะ'),
('550406', 'บัวใหญ่'),
('550407', 'น้ำตก'),
('550501', 'ปัว'),
('550502', 'แงง'),
('550503', 'สถาน'),
('550504', 'ศิลาแลง'),
('550505', 'ศิลาเพชร'),
('550506', 'อวน'),
('550509', 'ไชยวัฒนา'),
('550510', 'เจดีย์ชัย'),
('550511', 'ภูคา'),
('550512', 'สกาด'),
('550513', 'ป่ากลาง'),
('550514', 'วรนคร'),
('550601', 'ริม'),
('550602', 'ป่าคา'),
('550603', 'ผาตอ'),
('550604', 'ยม'),
('550605', 'ตาลชุม'),
('550606', 'ศรีภูมิ'),
('550607', 'จอมพระ'),
('550608', 'แสนทอง'),
('550609', 'ท่าวังผา'),
('550610', 'ผาทอง'),
('550701', 'กลางเวียง'),
('550702', 'ขึ่ง'),
('550703', 'ไหล่น่าน'),
('550704', 'ตาลชุม'),
('550705', 'นาเหลือง'),
('550706', 'ส้าน'),
('550707', 'น้ำมวบ'),
('550708', 'น้ำปั้ว'),
('550709', 'ยาบหัวนา'),
('550710', 'ปงสนุก'),
('550711', 'อ่ายนาไลย'),
('550712', 'ส้านนาหนองใหม่'),
('550713', 'แม่ขะนิง'),
('550714', 'แม่สาคร'),
('550715', 'จอมจันทร์'),
('550716', 'แม่สา'),
('550717', 'ทุ่งศรีทอง'),
('550801', 'ปอน'),
('550802', 'งอบ'),
('550803', 'และ'),
('550804', 'ทุ่งช้าง'),
('550901', 'เชียงกลาง'),
('550902', 'เปือ'),
('550903', 'เชียงคาน'),
('550904', 'พระธาตุ'),
('550908', 'พญาแก้ว'),
('550909', 'พระพุทธบาท'),
('551001', 'นาทะนุง'),
('551002', 'บ่อแก้ว'),
('551003', 'เมืองลี'),
('551004', 'ปิงหลวง'),
('551101', 'ดู่พงษ์'),
('551102', 'ป่าแลวหลวง'),
('551103', 'พงษ์'),
('551201', 'บ่อเกลือเหนือ'),
('551202', 'บ่อเกลือใต้'),
('551204', 'ภูฟ้า'),
('551205', 'ดงพญา'),
('551301', 'นาไร่หลวง'),
('551302', 'ชนแดน'),
('551303', 'ยอด'),
('551401', 'ม่วงตึ๊ด'),
('551402', 'นาปัง'),
('551403', 'น้ำแก่น'),
('551404', 'น้ำเกี๋ยน'),
('551405', 'เมืองจัง'),
('551406', 'ท่าน้าว'),
('551407', 'ฝายแก้ว'),
('551501', 'ห้วยโก๋น'),
('551502', 'ขุนน่าน'),
('570102', 'รอบเวียง'),
('570104', 'นางแล'),
('570105', 'แม่ข้าวต้ม'),
('570106', 'แม่ยาว'),
('570107', 'สันทราย'),
('570111', 'แม่กรณ์'),
('570112', 'ห้วยชมภู'),
('570113', 'ห้วยสัก'),
('570114', 'ริมกก'),
('570115', 'ดอยลาน'),
('570116', 'ป่าอ้อดอนชัย'),
('570118', 'ท่าสาย'),
('570120', 'ดอยฮาง'),
('570121', 'ท่าสุด'),
('570202', 'เวียงชัย'),
('570203', 'ผางาม'),
('570204', 'เวียงเหนือ'),
('570206', 'ดอนศิลา'),
('570208', 'เมืองชุม'),
('570301', 'เวียง'),
('570302', 'สถาน'),
('570303', 'ครึ่ง'),
('570305', 'ห้วยซ้อ'),
('570308', 'ศรีดอนชัย'),
('570310', 'ริมโขง'),
('570401', 'เวียง'),
('570402', 'งิ้ว'),
('570403', 'ปล้อง'),
('570404', 'แม่ลอย'),
('570405', 'เชียงเคี่ยน'),
('570409', 'ตับเต่า'),
('570410', 'หงาว'),
('570411', 'สันทรายงาม'),
('570412', 'ศรีดอนไชย'),
('570413', 'หนองแรด'),
('570501', 'สันมะเค็ด'),
('570502', 'แม่อ้อ'),
('570503', 'ธารทอง'),
('570504', 'สันติสุข'),
('570505', 'ดอยงาม'),
('570506', 'หัวง้ม'),
('570507', 'เจริญเมือง'),
('570508', 'ป่าหุ่ง'),
('570509', 'ม่วงคำ'),
('570510', 'ทรายขาว'),
('570511', 'สันกลาง'),
('570512', 'แม่เย็น'),
('570513', 'เมืองพาน'),
('570514', 'ทานตะวัน'),
('570515', 'เวียงห้าว'),
('570603', 'สันมะค่า'),
('570605', 'โรงช้าง'),
('570606', 'ศรีโพธิ์เงิน'),
('570701', 'แม่จัน'),
('570703', 'แม่คำ'),
('570704', 'ป่าซาง'),
('570705', 'สันทราย'),
('570706', 'ท่าข้าวเปลือก'),
('570708', 'ป่าตึง'),
('570710', 'แม่ไร่'),
('570711', 'ศรีค้ำ'),
('570713', 'จอมสวรรค์'),
('570801', 'เวียง'),
('570802', 'ป่าสัก'),
('570803', 'บ้านแซว'),
('570804', 'ศรีดอนมูล'),
('570805', 'แม่เงิน'),
('570806', 'โยนก'),
('570901', 'แม่สาย'),
('570902', 'ห้วยไคร้'),
('570903', 'เกาะช้าง'),
('570904', 'โป่งผา'),
('570905', 'ศรีเมืองชุม'),
('570908', 'บ้านด้าย'),
('570909', 'โป่งงาม'),
('571001', 'แม่สรวย'),
('571002', 'ป่าแดด'),
('571003', 'แม่พริก'),
('571004', 'ศรีถ้อย'),
('571005', 'ท่าก๊อ'),
('571006', 'วาวี'),
('571007', 'เจดีย์หลวง'),
('571101', 'สันสลี'),
('571102', 'เวียง'),
('571103', 'บ้านโป่ง'),
('571104', 'ป่างิ้ว'),
('571105', 'เวียงกาหลง'),
('571106', 'แม่เจดีย์'),
('571107', 'แม่เจดีย์ใหม่'),
('571201', 'แม่เปา'),
('571202', 'แม่ต๋ำ'),
('571203', 'ไม้ยา'),
('571204', 'เม็งราย'),
('571205', 'ตาดควัน'),
('571301', 'ม่วงยาย'),
('571302', 'ปอ'),
('571303', 'หล่ายงาว'),
('571304', 'ท่าข้าม'),
('571401', 'ต้า'),
('571402', 'ป่าตาล'),
('571403', 'ยางฮอม'),
('571501', 'เทอดไทย'),
('571502', 'แม่สลองใน'),
('571503', 'แม่สลองนอก'),
('571504', 'แม่ฟ้าหลวง'),
('571601', 'ดงมะดะ'),
('571602', 'จอมหมอกแก้ว'),
('571603', 'บัวสลี'),
('571604', 'ป่าก่อดำ'),
('571605', 'โป่งแพร่'),
('571701', 'ทุ่งก่อ'),
('571702', 'ดงมหาวัน'),
('571703', 'ป่าซาง'),
('571801', 'ปงน้อย'),
('571802', 'โชคชัย'),
('571803', 'หนองป่าก่อ'),
('580102', 'ห้วยโป่ง'),
('580103', 'ผาบ่อง'),
('580104', 'ปางหมู'),
('580105', 'หมอกจำแป่'),
('580106', 'ห้วยผา'),
('580109', 'ห้วยปูลิง'),
('580201', 'ขุนยวม'),
('580202', 'แม่เงา'),
('580203', 'เมืองปอน'),
('580204', 'แม่ยวมน้อย'),
('580205', 'แม่กิ๊'),
('580206', 'แม่อูคอ'),
('580234', 'เทศบาลตำบลขุนยวม'),
('580301', 'เวียงใต้'),
('580302', 'เวียงเหนือ'),
('580303', 'แม่นาเติง'),
('580304', 'แม่ฮี้'),
('580305', 'ทุ่งยาว'),
('580306', 'เมืองแปง'),
('580307', 'โป่งสา'),
('580333', 'เทศบาลตำบลปาย'),
('580401', 'บ้านกาศ'),
('580402', 'เทศบาลตำบลเมืองยวมใต้'),
('580403', 'แม่คง'),
('580404', 'แม่เหาะ'),
('580405', 'เทศบาลตำบลแม่ยวม'),
('580406', 'เสาหิน'),
('580408', 'ป่าแป๋'),
('580431', 'เทศบาลตำบลแม่สะเรียง'),
('580501', 'แม่ลาน้อย'),
('580502', 'แม่ลาหลวง'),
('580503', 'ท่าผาปุ้ม'),
('580504', 'แม่โถ'),
('580505', 'ห้วยห้อม'),
('580506', 'แม่นาจาง'),
('580507', 'สันติคีรี'),
('580508', 'ขุนแม่ลาน้อย'),
('580532', 'เทศบาลตำบลแม่ลาน้อย'),
('580601', 'สบเมย'),
('580602', 'แม่คะตวน'),
('580603', 'กองก๋อย'),
('580604', 'แม่สวด'),
('580605', 'ป่าโปง'),
('580606', 'แม่สามแลบ'),
('580701', 'สบป่อง'),
('580702', 'ปางมะผ้า'),
('580703', 'ถ้ำลอด'),
('580704', 'นาปู่ป้อม'),
('600102', 'กลางแดด'),
('600103', 'เกรียงไกร'),
('600104', 'แควใหญ่'),
('600105', 'ตะเคียนเลื่อน'),
('600106', 'นครสวรรค์ตก'),
('600107', 'นครสวรรค์ออก'),
('600108', 'บางพระหลวง'),
('600109', 'บางม่วง'),
('600110', 'บ้านมะเกลือ'),
('600111', 'บ้านแก่ง'),
('600112', 'พระนอน'),
('600113', 'วัดไทร'),
('600114', 'หนองกรด'),
('600115', 'หนองกระโดน'),
('600116', 'หนองปลิง'),
('600117', 'บึงเสนาท'),
('600201', 'โกรกพระ'),
('600202', 'ยางตาล'),
('600203', 'บางมะฝ่อ'),
('600205', 'นากลาง'),
('600206', 'ศาลาแดง'),
('600207', 'เนินกว้าว'),
('600208', 'เนินศาลา'),
('600209', 'หาดสูง'),
('600302', 'ทับกฤช'),
('600303', 'พิกุล'),
('600304', 'เกยไชย'),
('600305', 'ท่าไม้'),
('600306', 'บางเคียน'),
('600307', 'หนองกระเจา'),
('600308', 'พันลาน'),
('600309', 'โคกหม้อ'),
('600310', 'ไผ่สิงห์'),
('600311', 'ฆะมัง'),
('600312', 'ทับกฤชใต้'),
('600401', 'หนองบัว'),
('600402', 'หนองกลับ'),
('600403', 'ธารทหาร'),
('600404', 'ห้วยร่วม'),
('600405', 'ห้วยถั่วใต้'),
('600406', 'ห้วยถั่วเหนือ'),
('600407', 'ห้วยใหญ่'),
('600408', 'ทุ่งทอง'),
('600409', 'วังบ่อ'),
('600501', 'ท่างิ้ว'),
('600502', 'บางตาหงาย'),
('600503', 'หูกวาง'),
('600504', 'อ่างทอง'),
('600505', 'บ้านแดน'),
('600506', 'บางแก้ว'),
('600507', 'ตาขีด'),
('600508', 'ตาสัง'),
('600509', 'ด่านช้าง'),
('600510', 'หนองกรด'),
('600511', 'หนองตางู'),
('600512', 'บึงปลาทู'),
('600513', 'เจริญผล'),
('600601', 'มหาโพธิ'),
('600603', 'หนองเต่า'),
('600604', 'เขาดิน'),
('600605', 'หัวดง'),
('600701', 'ตาคลี'),
('600702', 'ช่องแค'),
('600703', 'จันเสน'),
('600704', 'ห้วยหอม'),
('600705', 'หัวหวาย'),
('600706', 'หนองโพ'),
('600707', 'หนองหม้อ'),
('600708', 'สร้อยทอง'),
('600709', 'ลาดทิพรส'),
('600710', 'พรหมนิมิต'),
('600801', 'ท่าตะโก'),
('600802', 'พนมรอก'),
('600803', 'หัวถนน'),
('600804', 'สายลำโพง'),
('600805', 'วังมหากร'),
('600806', 'ดอนคา'),
('600807', 'ทำนบ'),
('600808', 'วังใหญ่'),
('600809', 'พนมเศษ'),
('600810', 'หนองหลวง'),
('600901', 'โคกเดื่อ'),
('600902', 'สำโรงชัย'),
('600903', 'วังน้ำลัด'),
('600904', 'ตะคร้อ'),
('600905', 'โพธิ์ประสาท'),
('600906', 'วังข่อย'),
('600907', 'นาขอม'),
('600908', 'ไพศาลี'),
('601001', 'พยุหะ'),
('601002', 'เนินมะกอก'),
('601003', 'นิคมเขาบ่อแก้ว'),
('601005', 'ยางขาว'),
('601006', 'ย่านมัทรี'),
('601007', 'เขาทอง'),
('601009', 'น้ำทรง'),
('601010', 'เขากะลา'),
('601011', 'สระทะเล'),
('601101', 'ลาดยาว'),
('601102', 'ห้วยน้ำหอม'),
('601103', 'วังม้า'),
('601104', 'วังเมือง'),
('601105', 'สร้อยละคร'),
('601106', 'มาบแก'),
('601107', 'หนองยาว'),
('601108', 'หนองนมวัว'),
('601109', 'บ้านไร่'),
('601110', 'เนินขี้เหล็ก'),
('601116', 'ศาลเจ้าไก่ต่อ'),
('601117', 'สระแก้ว'),
('601201', 'ตากฟ้า'),
('601202', 'ลำพยนต์'),
('601203', 'สุขสำราญ'),
('601204', 'หนองพิกุล'),
('601205', 'พุนกยูง'),
('601206', 'อุดมธัญญา'),
('601207', 'เขาชายธง'),
('601301', 'แม่วงก์'),
('601303', 'แม่เล่ย์'),
('601304', 'วังซ่าน'),
('601305', 'เขาชนกัน'),
('601401', 'แม่เปิน'),
('601501', 'ชุมตาบง'),
('601502', 'ปางสวรรค์'),
('610102', 'น้ำซึม'),
('610103', 'สะแกกรัง'),
('610104', 'ดอนขวาง'),
('610105', 'หาดทนง'),
('610106', 'เกาะเทโพ'),
('610107', 'ท่าซุง'),
('610108', 'หนองแก'),
('610109', 'โนนเหล็ก'),
('610110', 'หนองเต่า'),
('610111', 'หนองไผ่แบน'),
('610112', 'หนองพังค่า'),
('610113', 'ทุ่งใหญ่'),
('610114', 'เนินแจง'),
('610205', 'โคกหม้อ'),
('610206', 'หนองยายดา'),
('610207', 'หนองกลางดง'),
('610208', 'หนองกระทุ่ม'),
('610209', 'หนองสระ'),
('610301', 'สว่างอารมณ์'),
('610302', 'หนองหลวง'),
('610303', 'พลวงสองนาง'),
('610304', 'ไผ่เขียว'),
('610305', 'บ่อยาง'),
('610401', 'หนองฉาง'),
('610402', 'หนองยาง'),
('610403', 'หนองนางนวล'),
('610404', 'หนองสรวง'),
('610405', 'บ้านเก่า'),
('610406', 'อุทัยเก่า'),
('610407', 'ทุ่งโพ'),
('610408', 'ทุ่งพง'),
('610410', 'เขากวางทอง'),
('610501', 'หนองขาหย่าง'),
('610502', 'หนองไผ่'),
('610503', 'ดอนกลอย'),
('610504', 'ห้วยรอบ'),
('610505', 'ทุ่งพึ่ง'),
('610506', 'ท่าโพ'),
('610507', 'หมกแถว'),
('610508', 'หลุมเข้า'),
('610509', 'ดงขวาง'),
('610601', 'บ้านไร่'),
('610602', 'ทัพหลวง'),
('610603', 'ห้วยแห้ง'),
('610604', 'คอกควาย'),
('610605', 'วังหิน'),
('610606', 'เมืองการุ้ง'),
('610607', 'แก่นมะกรูด'),
('610609', 'หนองจอก'),
('610610', 'หูช้าง'),
('610611', 'บ้านบึง'),
('610612', 'บ้านใหม่คลองเคียน'),
('610613', 'หนองบ่มกล้วย'),
('610614', 'เจ้าวัด'),
('610701', 'ลานสัก'),
('610702', 'ประดู่ยืน'),
('610703', 'ป่าอ้อ'),
('610704', 'ระบำ'),
('610705', 'น้ำรอบ'),
('610706', 'ทุ่งนางาม'),
('610801', 'สุขฤทัย'),
('610802', 'ทองหลาง'),
('610803', 'ห้วยคต'),
('620102', 'ไตรตรึงษ์'),
('620103', 'อ่างทอง'),
('620104', 'นาบ่อคำ'),
('620105', 'นครชุม'),
('620106', 'ทรงธรรม'),
('620107', 'ลานดอกไม้'),
('620110', 'หนองปลิง'),
('620111', 'คณฑี'),
('620112', 'นิคมทุ่งโพธิ์ทะเล'),
('620113', 'เทพนคร'),
('620114', 'วังทอง'),
('620115', 'ท่าขุนราม'),
('620117', 'คลองแม่ลาย'),
('620118', 'ธำมรงค์'),
('620119', 'สระแก้ว'),
('620201', 'ไทรงาม'),
('620202', 'หนองคล้า'),
('620203', 'หนองทอง'),
('620204', 'หนองไม้กอง'),
('620205', 'มหาชัย'),
('620206', 'พานทอง'),
('620207', 'หนองแม่แตง'),
('620301', 'คลองน้ำไหล'),
('620302', 'โป่งน้ำร้อน'),
('620303', 'คลองลานพัฒนา'),
('620304', 'สักงาม'),
('620403', 'ยางสูง'),
('620404', 'ป่าพุทรา'),
('620405', 'แสนตอ'),
('620406', 'สลกบาตร'),
('620407', 'บ่อถ้ำ'),
('620408', 'ดอนแตง'),
('620409', 'วังชะพลู'),
('620410', 'โค้งไผ่'),
('620411', 'ปางมะค่า'),
('620412', 'วังหามแห'),
('620413', 'เกาะตาล'),
('620501', 'คลองขลุง'),
('620502', 'ท่ามะเขือ'),
('620504', 'ท่าพุทรา'),
('620505', 'แม่ลาด'),
('620506', 'วังยาง'),
('620507', 'วังแขม'),
('620508', 'หัวถนน'),
('620509', 'วังไทร'),
('620513', 'วังบัว'),
('620516', 'คลองสมบูรณ์'),
('620601', 'พรานกระต่าย'),
('620602', 'หนองหัววัว'),
('620603', 'ท่าไม้'),
('620604', 'วังควง'),
('620605', 'วังตะแบก'),
('620606', 'เขาคีริส'),
('620607', 'คุยบ้านโอง'),
('620608', 'คลองพิไกร'),
('620609', 'ถ้ำกระต่ายทอง'),
('620610', 'ห้วยยั้ง'),
('620701', 'ลานกระบือ'),
('620702', 'ช่องลม'),
('620703', 'หนองหลวง'),
('620704', 'โนนพลวง'),
('620705', 'ประชาสุขสันต์'),
('620706', 'บึงทับแรต'),
('620707', 'จันทิมา'),
('620801', 'ทุ่งทราย'),
('620802', 'ทุ่งทอง'),
('620803', 'ถาวรวัฒนา'),
('620901', 'โพธิ์ทอง'),
('620902', 'หินดาต'),
('620903', 'ปางตาไว'),
('621001', 'บึงสามัคคี'),
('621002', 'วังชะโอน'),
('621003', 'ระหาน'),
('621004', 'เทพนิมิต'),
('621101', 'โกสัมพี'),
('621102', 'เพชรชมภู'),
('621103', 'ลานดอกไม้ตก'),
('630105', 'หนองบัวเหนือ'),
('630106', 'ไม้งาม'),
('630107', 'โป่งแดง'),
('630108', 'น้ำรึม'),
('630109', 'วังหิน'),
('630111', 'แม่ท้อ'),
('630112', 'ป่ามะม่วง'),
('630113', 'หนองบัวใต้'),
('630114', 'วังประจบ'),
('630115', 'ตลุกกลางทุ่ง'),
('630201', 'ตากออก'),
('630202', 'สมอโคน'),
('630203', 'แม่สลิด'),
('630204', 'ตากตก'),
('630205', 'เกาะตะเภา'),
('630207', 'ท้องฟ้า'),
('630241', 'เทศบาลตำบลทุ่งกระเชาะ'),
('630301', 'สามเงา'),
('630302', 'วังหมัน'),
('630303', 'ยกกระบัตร'),
('630304', 'ย่านรี'),
('630305', 'บ้านนา'),
('630306', 'วังจันทร์'),
('630401', 'แม่ระมาด'),
('630402', 'แม่จะเรา'),
('630403', 'ขะเนจื้อ'),
('630404', 'แม่ตื่น'),
('630405', 'สามหมื่น'),
('630406', 'พระธาตุ'),
('630501', 'ท่าสองยาง'),
('630502', 'แม่ต้าน'),
('630503', 'แม่สอง'),
('630504', 'แม่หละ'),
('630505', 'แม่วะหลวง'),
('630506', 'แม่อุสุ'),
('630602', 'แม่กุ'),
('630603', 'พะวอ'),
('630604', 'แม่ตาว'),
('630605', 'แม่กาษา'),
('630606', 'ท่าสายลวด'),
('630607', 'แม่ปะ'),
('630608', 'มหาวัน'),
('630609', 'ด่านแม่ละเมา'),
('630610', 'พระธาตุผาแดง'),
('630701', 'พบพระ'),
('630702', 'ช่องแคบ'),
('630703', 'คีรีราษฎร์'),
('630704', 'วาเล่ย์'),
('630705', 'รวมไทยพัฒนา'),
('630801', 'อุ้มผาง'),
('630802', 'หนองหลวง'),
('630803', 'โมโกร'),
('630804', 'แม่จัน'),
('630805', 'แม่ละมุ้ง'),
('630806', 'แม่กลอง'),
('630901', 'เชียงทอง'),
('630902', 'นาโบสถ์'),
('630903', 'ประดาง'),
('640102', 'บ้านสวน'),
('640103', 'เมืองเก่า'),
('640104', 'ปากแคว'),
('640105', 'ยางซ้าย'),
('640106', 'เทศบาลตำบลบ้านกล้วย'),
('640107', 'บ้านหลุม'),
('640108', 'ตาลเตี้ย'),
('640109', 'ปากพระ'),
('640110', 'วังทองแดง'),
('640201', 'ลานหอย'),
('640202', 'บ้านด่าน'),
('640203', 'วังตะคร้อ'),
('640204', 'วังน้ำขาว'),
('640205', 'เทศบาลตำบลตลิ่งชัน'),
('640206', 'หนองหญ้าปล้อง'),
('640207', 'วังลึก'),
('640301', 'โตนด'),
('640303', 'บ้านป้อม'),
('640304', 'สามพวง'),
('640305', 'ศรีคีรีมาศ'),
('640306', 'หนองจิก'),
('640307', 'นาเชิงคีรี'),
('640308', 'หนองกระดิ่ง'),
('640309', 'บ้านน้ำพุ'),
('640310', 'ทุ่งยางเมือง'),
('640401', 'กง'),
('640402', 'บ้านกร่าง'),
('640403', 'ไกรนอก'),
('640404', 'ไกรกลาง'),
('640405', 'ไกรใน'),
('640406', 'ดงเดือย'),
('640407', 'ป่าแฝก'),
('640408', 'กกแรต'),
('640409', 'ท่าฉนวน'),
('640410', 'หนองตูม'),
('640411', 'บ้านใหม่สุขเกษม'),
('640502', 'ป่างิ้ว'),
('640503', 'แม่สำ'),
('640504', 'แม่สิน'),
('640505', 'บ้านตึก'),
('640506', 'หนองอ้อ'),
('640509', 'ดงคู่'),
('640510', 'บ้านแก่ง'),
('640511', 'สารจิตร'),
('640602', 'วังลึก'),
('640603', 'สามเรือน'),
('640604', 'บ้านนา'),
('640605', 'วังทอง'),
('640606', 'นาขุนไกร'),
('640607', 'เกาะตาเลี้ยง'),
('640608', 'วัดเกาะ'),
('640609', 'บ้านไร่'),
('640610', 'ทับผึ้ง'),
('640611', 'บ้านซ่าน'),
('640612', 'วังใหญ่'),
('640613', 'ราวต้นจันทร์'),
('640702', 'เทศบาลตำบลในเมือง'),
('640703', 'คลองกระจง'),
('640704', 'วังพิณพาทย์'),
('640705', 'วังไม้ขอน'),
('640706', 'ย่านยาว'),
('640707', 'นาทุ่ง'),
('640708', 'คลองยาง'),
('640709', 'เมืองบางยม'),
('640710', 'ท่าทอง'),
('640711', 'ปากน้ำ'),
('640712', 'เทศบาลตำบลป่ากุมเกาะ'),
('640713', 'เมืองบางขลัง'),
('640714', 'หนองกลับ'),
('640801', 'ศรีนคร'),
('640802', 'นครเดิฐ'),
('640803', 'น้ำขุม'),
('640804', 'คลองมะพลับ'),
('640805', 'หนองบัว'),
('640901', 'บ้านใหม่ไชยมงคล'),
('640902', 'ไทยชนะศึก'),
('640903', 'ทุ่งเสลี่ยม'),
('640904', 'กลางดง'),
('640905', 'เทศบาลตำบลเขาแก้วศรีสมบูรณ์'),
('650102', 'วังน้ำคู้'),
('650103', 'วัดจันทร์'),
('650104', 'วัดพริก'),
('650105', 'ท่าทอง'),
('650106', 'ท่าโพธิ์'),
('650107', 'สมอแข'),
('650108', 'ดอนทอง'),
('650109', 'บ้านป่า'),
('650110', 'ปากโทก'),
('650111', 'หัวรอ'),
('650112', 'จอมทอง'),
('650113', 'บ้านกร่าง'),
('650114', 'บ้านคลอง'),
('650115', 'เทศบาลตำบลพลายชุมพล'),
('650116', 'มะขามสูง'),
('650117', 'อรัญญิก'),
('650118', 'บึงพระ'),
('650119', 'ไผ่ขอดอน'),
('650120', 'งิ้วงาม'),
('650202', 'หนองกะท้าว'),
('650203', 'เทศบาลตำบลบ้านแยง'),
('650204', 'เนินเพิ่ม'),
('650205', 'นาบัว'),
('650206', 'นครชุม'),
('650207', 'น้ำกุ่ม'),
('650208', 'ยางโกลน'),
('650209', 'บ่อโพธิ์'),
('650210', 'บ้านพร้าว'),
('650211', 'ห้วยเฮี้ย'),
('650301', 'ป่าแดง'),
('650302', 'ชาติตระการ'),
('650303', 'สวนเมี่ยง'),
('650304', 'บ้านดง'),
('650305', 'บ่อภาค'),
('650306', 'ท่าสะแก'),
('650401', 'เทศบาลตำบลบางระกำเมืองใหม่'),
('650402', 'เทศบาลตำบลบึงระมาณ'),
('650403', 'เทศบาลตำบลพันเสา'),
('650404', 'วังอิทก'),
('650405', 'บึงกอก'),
('650406', 'หนองกุลา'),
('650407', 'ชุมแสงสงคราม'),
('650408', 'นิคมพัฒนา'),
('650409', 'บ่อทอง'),
('650410', 'ท่านางงาม'),
('650411', 'คุยม่วง'),
('650501', 'บางกระทุ่ม'),
('650502', 'บ้านไร่'),
('650503', 'โคกสลุด'),
('650504', 'สนามคลี'),
('650505', 'ท่าตาล'),
('650506', 'ไผ่ล้อม'),
('650507', 'นครป่าหมาก'),
('650601', 'พรหมพิราม'),
('650602', 'ท่าช้าง'),
('650603', 'วงฆ้อง'),
('650604', 'มะตูม'),
('650605', 'หอกลอง'),
('650606', 'ศรีภิรมย์'),
('650607', 'ตลุกเทียม'),
('650608', 'วังวน'),
('650609', 'หนองแขม'),
('650610', 'มะต้อง'),
('650611', 'ทับยายเชียง'),
('650612', 'ดงประคำ'),
('650701', 'วัดโบสถ์'),
('650702', 'ท่างาม'),
('650703', 'ท้อแท้'),
('650704', 'บ้านยาง'),
('650705', 'หินลาด'),
('650706', 'คันโช้ง'),
('650801', 'วังทอง'),
('650802', 'พันชาลี'),
('650803', 'แม่ระกา'),
('650804', 'บ้านกลาง'),
('650805', 'วังพิกุล'),
('650806', 'แก่งโสภา'),
('650807', 'ท่าหมื่นราม'),
('650808', 'วังนกแอ่น'),
('650809', 'หนองพระ'),
('650810', 'ชัยนาม'),
('650811', 'ดินทอง'),
('650901', 'ชมพู'),
('650902', 'เทศบาลตำบลบ้านมุง'),
('650903', 'เทศบาลตำบลไทรย้อย'),
('650904', 'วังโพรง'),
('650905', 'บ้านน้อยซุ้มขี้เหล็ก'),
('650906', 'เนินมะปราง'),
('650907', 'วังยาง'),
('660102', 'ไผ่ขวาง'),
('660103', 'ย่านยาว'),
('660104', 'ท่าฬ่อ'),
('660105', 'ปากทาง'),
('660106', 'คลองคะเชนทร์'),
('660107', 'โรงช้าง'),
('660108', 'เมืองเก่า'),
('660109', 'ท่าหลวง'),
('660110', 'บ้านบุ่ง'),
('660111', 'ฆะมัง'),
('660112', 'ดงป่าคำ'),
('660113', 'หัวดง'),
('660115', 'ป่ามะคาบ'),
('660119', 'สายคำโห้'),
('660120', 'ดงกลาง'),
('660201', 'วังทรายพูน'),
('660202', 'หนองปลาไหล'),
('660203', 'หนองพระ'),
('660204', 'หนองปล้อง'),
('660301', 'โพธิ์ประทับช้าง'),
('660302', 'ไผ่ท่าโพ'),
('660304', 'ไผ่รอบ'),
('660305', 'ดงเสือเหลือง'),
('660306', 'เนินสว่าง'),
('660307', 'ทุ่งใหญ่'),
('660402', 'งิ้วราย'),
('660403', 'ห้วยเกตุ'),
('660404', 'ไทรโรงโขน'),
('660405', 'หนองพยอม'),
('660406', 'ทุ่งโพธิ์'),
('660407', 'ดงตะขบ'),
('660408', 'คลองคูณ'),
('660409', 'วังสำโรง'),
('660410', 'วังหว้า'),
('660411', 'วังหลุม'),
('660412', 'ทับหมัน'),
('660413', 'ไผ่หลวง'),
('660502', 'บางไผ่'),
('660503', 'หอไกร'),
('660504', 'เนินมะกอก'),
('660505', 'วังสำโรง'),
('660506', 'ภูมิ'),
('660507', 'วังกรด'),
('660508', 'ห้วยเขน'),
('660509', 'วังตะกู'),
('660514', 'ลำประดา'),
('660601', 'โพทะเล'),
('660602', 'ท้ายน้ำ'),
('660603', 'ทะนง'),
('660604', 'ท่าบัว'),
('660605', 'ทุ่งน้อย'),
('660606', 'ท่าขมิ้น'),
('660607', 'ท่าเสา'),
('660608', 'บางคลาน'),
('660611', 'ท่านั่ง'),
('660612', 'บ้านน้อย'),
('660613', 'วัดขวาง'),
('660701', 'สามง่าม'),
('660702', 'กำแพงดิน'),
('660703', 'รังนก'),
('660706', 'เนินปอ'),
('660707', 'หนองโสน'),
('660801', 'ทับคล้อ'),
('660802', 'เขาทราย'),
('660803', 'เขาเจ็ดลูก'),
('660804', 'ท้ายทุ่ง'),
('660901', 'สากเหล็ก'),
('660902', 'ท่าเยี่ยม'),
('660903', 'คลองทราย'),
('660904', 'หนองหญ้าไทร'),
('660905', 'วังทับไทร'),
('661001', 'ห้วยแก้ว'),
('661002', 'โพธิ์ไทรงาม'),
('661003', 'แหลมรัง'),
('661004', 'บางลาย'),
('661005', 'บึงนาราง'),
('661101', 'วังงิ้วใต้'),
('661102', 'วังงิ้ว'),
('661103', 'ห้วยร่วม'),
('661104', 'ห้วยพุก'),
('661105', 'วังบงค์'),
('661201', 'บ้านนา'),
('661202', 'บึงบัว'),
('661203', 'วังโมกข์'),
('661204', 'หนองหลุม'),
('670102', 'ตะเบาะ'),
('670103', 'บ้านโตก'),
('670104', 'สะเดียง'),
('670105', 'ป่าเลา'),
('670106', 'นางั่ว'),
('670107', 'ท่าพล'),
('670108', 'ดงมูลเหล็ก'),
('670109', 'บ้านโคก'),
('670110', 'ชอนไพร'),
('670111', 'นาป่า'),
('670112', 'นายม'),
('670113', 'วังชมภู'),
('670114', 'น้ำร้อน'),
('670115', 'ห้วยสะแก'),
('670116', 'ห้วยใหญ่'),
('670117', 'ระวิง'),
('670137', 'เทศบาลตำบลวังชมภู'),
('670141', 'เทศบาลตำบลท่าพล'),
('670201', 'ชนแดน'),
('670202', 'ดงขุย'),
('670203', 'ท่าข้าม'),
('670204', 'พุทธบาท'),
('670205', 'ลาดแค'),
('670206', 'บ้านกล้วย'),
('670208', 'ซับพุทรา'),
('670209', 'ตะกุดไร'),
('670210', 'ศาลาลาย'),
('670245', 'เทศบาลตำบลชนแดน'),
('670302', 'วัดป่า'),
('670303', 'ตาลเดี่ยว'),
('670304', 'ฝายนาแซง'),
('670305', 'หนองสว่าง'),
('670306', 'น้ำเฮี้ย'),
('670307', 'สักหลง'),
('670308', 'ท่าอิบุญ'),
('670309', 'บ้านโสก'),
('670310', 'บ้านติ้ว'),
('670311', 'ห้วยไร่'),
('670312', 'น้ำก้อ'),
('670313', 'ปากช่อง'),
('670314', 'น้ำชุน'),
('670315', 'หนองไขว่'),
('670316', 'ลานบ่า'),
('670317', 'บุ่งคล้า'),
('670318', 'บุ่งน้ำเต้า'),
('670319', 'บ้านกลาง'),
('670320', 'ช้างตะลูด'),
('670321', 'บ้านไร่'),
('670322', 'ปากดุก'),
('670323', 'บ้านหวาย'),
('670401', 'หล่มเก่า'),
('670402', 'นาซำ'),
('670403', 'หินฮาว'),
('670404', 'บ้านเนิน'),
('670405', 'ศิลา'),
('670406', 'นาแซง'),
('670407', 'วังบาล'),
('670408', 'นาเกาะ'),
('670409', 'ตาดกลอย'),
('670432', 'เทศบาลตำบลหล่มเก่า'),
('670501', 'ท่าโรง'),
('670502', 'สระประดู่'),
('670503', 'สามแยก'),
('670504', 'โคกปรง'),
('670505', 'น้ำร้อน'),
('670506', 'บ่อรัง'),
('670507', 'พุเตย'),
('670508', 'พุขาม'),
('670509', 'ภูน้ำหยด'),
('670510', 'ซับสมบูรณ์'),
('670511', 'บึงกระจับ'),
('670512', 'วังใหญ่'),
('670513', 'ยางสาว'),
('670514', 'ซับน้อย'),
('670538', 'เทศบาลตำบลพุเตย'),
('670601', 'ศรีเทพ'),
('670602', 'สระกรวด'),
('670603', 'คลองกระจัง'),
('670604', 'นาสนุ่น'),
('670605', 'โคกสะอาด'),
('670606', 'หนองย่างทอย'),
('670607', 'ประดู่งาม'),
('670701', 'กองทูล'),
('670702', 'นาเฉลียง'),
('670703', 'บ้านโภชน์'),
('670704', 'ท่าแดง'),
('670705', 'เพชรละคร'),
('670706', 'บ่อไทย'),
('670707', 'ห้วยโป่ง'),
('670708', 'วังท่าดี'),
('670709', 'บัววัฒนา'),
('670710', 'หนองไผ่'),
('670711', 'วังโบสถ์'),
('670712', 'ยางงาม'),
('670713', 'ท่าด้วง'),
('670733', 'เทศบาลตำบลหนองไผ่'),
('670739', 'เทศบาลตำบลนาเฉลียง'),
('670801', 'ซับสมอทอด'),
('670802', 'ซับไม้แดง'),
('670803', 'หนองแจง'),
('670804', 'กันจุ'),
('670805', 'วังพิกุล'),
('670806', 'พญาวัง'),
('670807', 'ศรีมงคล'),
('670808', 'สระแก้ว'),
('670809', 'บึงสามพัน'),
('670844', 'เทศบาลตำบลซับสมอทอด'),
('670901', 'น้ำหนาว'),
('670902', 'หลักด่าน'),
('670903', 'วังกวาง'),
('670904', 'โคกมน'),
('671001', 'วังโป่ง'),
('671002', 'ท้ายดง');
INSERT INTO `tb_subdistrict` (`subdistrict_id`, `subdistrict_name`) VALUES
('671003', 'ซับเปิบ'),
('671004', 'วังหิน'),
('671005', 'วังศาล'),
('671036', 'เทศบาลตำบลวังโป่ง'),
('671040', 'เทศบาลตำบลท้ายดง'),
('671101', 'ทุ่งสมอ'),
('671102', 'แคมป์สน'),
('671103', 'เขาค้อ'),
('671104', 'ริมสีม่วง'),
('671105', 'สะเดาะพง'),
('671106', 'หนองแม่นา'),
('671107', 'เข็กน้อย'),
('700102', 'เจดีย์หัก'),
('700103', 'ดอนตะโก'),
('700104', 'หนองกลางนา'),
('700105', 'ห้วยไผ่'),
('700106', 'คุ้งน้ำวน'),
('700107', 'คุ้งกระถิน'),
('700110', 'สามเรือน'),
('700111', 'พิกุลทอง'),
('700112', 'น้ำพุ'),
('700113', 'ดอนแร่'),
('700114', 'หินกอง'),
('700115', 'เขาแร้ง'),
('700116', 'เกาะพลับพลา'),
('700117', 'หลุมดิน'),
('700118', 'บางป่า'),
('700120', 'คูบัว'),
('700121', 'ท่าราบ'),
('700122', 'บ้านไร่'),
('700201', 'จอมบึง'),
('700202', 'ปากช่อง'),
('700203', 'เบิกไพร'),
('700204', 'ด่านทับตะโก'),
('700205', 'แก้มอ้น'),
('700206', 'รางบัว'),
('700301', 'สวนผึ้ง'),
('700302', 'ป่าหวาย'),
('700304', 'ท่าเคย'),
('700307', 'ตะนาวศรี'),
('700402', 'ประสาทสิทธิ์'),
('700404', 'ตาหลวง'),
('700405', 'ดอนกรวย'),
('700406', 'ดอนคลัง'),
('700407', 'บัวงาม'),
('700408', 'บ้านไร่'),
('700409', 'แพงพวย'),
('700410', 'สี่หมื่น'),
('700411', 'ท่านัด'),
('700412', 'ขุนพิทักษ์'),
('700413', 'ดอนไผ่'),
('700503', 'กรับใหญ่'),
('700504', 'ปากแรต'),
('700505', 'หนองกบ'),
('700506', 'หนองอ้อ'),
('700507', 'ดอนกระเบื้อง'),
('700508', 'สวนกล้วย'),
('700509', 'นครชุมน์'),
('700510', 'บ้านม่วง'),
('700511', 'คุ้งพยอม'),
('700512', 'หนองปลาหมอ'),
('700513', 'เขาขลุง'),
('700514', 'เบิกไพร'),
('700515', 'ลาดบัวขาว'),
('700603', 'หัวโพ'),
('700604', 'วัดแก้ว'),
('700605', 'ดอนใหญ่'),
('700606', 'ดอนคา'),
('700702', 'ดอนกระเบื้อง'),
('700703', 'หนองโพ'),
('700705', 'คลองตาคต'),
('700706', 'บ้านฆ้อง'),
('700707', 'บ้านสิงห์'),
('700708', 'ดอนทราย'),
('700710', 'คลองข่อย'),
('700711', 'ชำแระ'),
('700712', 'สร้อยฟ้า'),
('700713', 'ท่าชุมพล'),
('700714', 'บางโตนด'),
('700715', 'เตาปูน'),
('700717', 'ธรรมเสน'),
('700718', 'เขาชะงุ้ม'),
('700719', 'หนองกวาง'),
('700801', 'ทุ่งหลวง'),
('700802', 'วังมะนาว'),
('700803', 'ดอนทราย'),
('700804', 'หนองกระทุ่ม'),
('700805', 'ปากท่อ'),
('700806', 'ป่าไก่'),
('700807', 'วัดยางงาม'),
('700808', 'อ่างหิน'),
('700809', 'บ่อกระดาน'),
('700810', 'ยางหัก'),
('700811', 'วันดาว'),
('700812', 'ห้วยยางโทน'),
('700901', 'เกาะศาลพระ'),
('700902', 'จอมประทัด'),
('700903', 'วัดเพลง'),
('701001', 'บ้านคา'),
('701002', 'บ้านบึง'),
('701003', 'หนองพันจันทร์'),
('710102', 'สมเด็จเจริญ'),
('710103', 'ปากแพรก'),
('710104', 'ท่ามะขาม'),
('710105', 'แก่งเสี้ยน'),
('710106', 'หนองบัว'),
('710107', 'ลาดหญ้า'),
('710108', 'วังด้ง'),
('710109', 'ช่องสะเดา'),
('710110', 'หนองหญ้า'),
('710111', 'เกาะสำโรง'),
('710113', 'บ้านเก่า'),
('710116', 'วังเย็น'),
('710201', 'ลุ่มสุ่ม'),
('710202', 'ท่าเสา'),
('710203', 'สิงห์'),
('710204', 'ไทรโยค'),
('710205', 'วังกระแจะ'),
('710206', 'ศรีมงคล'),
('710207', 'บ้องตี้'),
('710301', 'บ่อพลอย'),
('710302', 'หนองกุ่ม'),
('710303', 'หนองรี'),
('710305', 'หลุมรัง'),
('710308', 'ช่องด่าน'),
('710309', 'หนองกร่าง'),
('710401', 'นาสวน'),
('710402', 'ด่านแม่แฉลบ'),
('710403', 'หนองเป็ด'),
('710404', 'ท่ากระดาน'),
('710405', 'เขาโจด'),
('710406', 'แม่กระบุง'),
('710501', 'พงตึก'),
('710502', 'ยางม่วง'),
('710503', 'ดอนชะเอม'),
('710505', 'ตะคร้ำเอน'),
('710506', 'ท่ามะกา'),
('710508', 'โคกตะบอง'),
('710509', 'เทศบาลตำบลดอนขมิ้น'),
('710510', 'อุโลกสี่หมื่น'),
('710511', 'เขาสามสิบหาบ'),
('710512', 'พระแท่น'),
('710513', 'หวายเหนียว'),
('710514', 'แสนตอ'),
('710515', 'สนามแย้'),
('710516', 'ท่าเสา'),
('710517', 'เทศบาลตำบลหนองลาน'),
('710601', 'ท่าม่วง'),
('710605', 'หนองขาว'),
('710606', 'ทุ่งทอง'),
('710607', 'เขาน้อย'),
('710608', 'เทศบาลตำบลม่วงชุม'),
('710609', 'บ้านใหม่'),
('710610', 'พังตรุ'),
('710611', 'ท่าตะคร้อ'),
('710612', 'รางสาลี่'),
('710613', 'หนองตากยา'),
('710614', 'เทศบาลตำบลวังขนาย'),
('710615', 'เทศบาลตำบลวังศาลา'),
('710616', 'เทศบาลตำบลท่าล้อ'),
('710701', 'เทศบาลตำบลท่าขนุน'),
('710702', 'ปิล๊อก'),
('710703', 'หินดาด'),
('710704', 'ลิ่นถิ่น'),
('710705', 'ชะแล'),
('710706', 'ห้วยเขย่ง'),
('710707', 'เทศบาลตำบลสหกรณ์นิคม'),
('710801', 'หนองลู'),
('710802', 'ปรังเผล'),
('710803', 'ไล่โว่'),
('710901', 'พนมทวน'),
('710902', 'หนองโรง'),
('710903', 'ทุ่งสมอ'),
('710904', 'ดอนเจดีย์'),
('710905', 'พังตรุ'),
('710906', 'รางหวาย'),
('710911', 'หนองสาหร่าย'),
('710912', 'ดอนตาเพชร'),
('711001', 'เลาขวัญ'),
('711002', 'หนองโสน'),
('711003', 'หนองประดู่'),
('711004', 'หนองปลิง'),
('711005', 'หนองนกแก้ว'),
('711006', 'ทุ่งกระบ่ำ'),
('711007', 'หนองฝ้าย'),
('711101', 'ด่านมะขามเตี้ย'),
('711102', 'กลอนโด'),
('711103', 'จรเข้เผือก'),
('711104', 'หนองไผ่'),
('711201', 'หนองปรือ'),
('711202', 'หนองปลาไหล'),
('711203', 'สมเด็จเจริญ'),
('711301', 'ห้วยกระเจา'),
('711302', 'วังไผ่'),
('711303', 'ดอนแสลบ'),
('711304', 'สระลงเรือ'),
('711306', 'สระลงเรือ'),
('720102', 'รั้วใหญ่'),
('720103', 'ทับตีเหล็ก'),
('720104', 'ท่าระหัด'),
('720105', 'ไผ่ขวาง'),
('720106', 'โคกโคเฒ่า'),
('720107', 'ดอนตาล'),
('720108', 'ดอนมะสังข์'),
('720109', 'พิหารแดง'),
('720110', 'ดอนกำยาน'),
('720111', 'ดอนโพธิ์ทอง'),
('720112', 'บ้านโพธิ์'),
('720114', 'ตลิ่งชัน'),
('720115', 'บางกุ้ง'),
('720116', 'ศาลาขาว'),
('720117', 'สวนแตง'),
('720118', 'สนามชัย'),
('720119', 'ห้วยวังทอง'),
('720120', 'สนามคลี'),
('720201', 'เขาพระ'),
('720202', 'เดิมบาง'),
('720203', 'นางบวช'),
('720204', 'เขาดิน'),
('720205', 'ปากน้ำ'),
('720206', 'ทุ่งคลี'),
('720207', 'โคกช้าง'),
('720208', 'หัวเขา'),
('720209', 'หัวนา'),
('720210', 'บ่อกรุ'),
('720211', 'วังศรีราช'),
('720212', 'ป่าสะแก'),
('720213', 'ยางนอน'),
('720214', 'หนองกระทุ่ม'),
('720301', 'หนองมะค่าโมง'),
('720302', 'ด่านช้าง'),
('720303', 'ห้วยขมิ้น'),
('720304', 'องค์พระ'),
('720305', 'วังคัน'),
('720306', 'นิคมกระเสียว'),
('720307', 'วังยาว'),
('720401', 'โคกคราม'),
('720402', 'บางปลาม้า'),
('720403', 'ตะค่า'),
('720404', 'บางใหญ่'),
('720405', 'กฤษณา'),
('720406', 'สาลี'),
('720407', 'ไผ่กองดิน'),
('720408', 'องครักษ์'),
('720409', 'จรเข้ใหญ่'),
('720410', 'บ้านแหลม'),
('720411', 'มะขามล้ม'),
('720412', 'วังน้ำเย็น'),
('720413', 'วัดโบสถ์'),
('720414', 'วัดดาว'),
('720501', 'ศรีประจันต์'),
('720502', 'บ้านกร่าง'),
('720503', 'มดแดง'),
('720504', 'บางงาม'),
('720505', 'ดอนปรู'),
('720506', 'ปลายนา'),
('720507', 'วังหว้า'),
('720508', 'วังน้ำซับ'),
('720509', 'วังยาง'),
('720601', 'ดอนเจดีย์'),
('720602', 'หนองสาหร่าย'),
('720603', 'ไร่รถ'),
('720604', 'สระกระโจม'),
('720605', 'ทะเลบก'),
('720702', 'บางเลน'),
('720703', 'บางตาเถร'),
('720704', 'บางตะเคียน'),
('720705', 'บ้านกุ่ม'),
('720706', 'หัวโพธิ์'),
('720707', 'บางพลับ'),
('720708', 'เนินพระปรางค์'),
('720709', 'บ้านช้าง'),
('720710', 'ต้นตาล'),
('720711', 'ศรีสำราญ'),
('720712', 'ทุ่งคอก'),
('720713', 'หนองบ่อ'),
('720714', 'บ่อสุพรรณ'),
('720715', 'ดอนมะนาว'),
('720801', 'ย่านยาว'),
('720802', 'วังลึก'),
('720804', 'หนองผักนาก'),
('720805', 'บ้านสระ'),
('720806', 'หนองสะเดา'),
('720807', 'กระเสียว'),
('720901', ' อู่ทอง'),
('720902', 'สระยายโสม'),
('720903', 'จรเข้สามพัน'),
('720904', 'บ้านดอน'),
('720905', 'ยุ้งทะลาย'),
('720906', 'ดอนมะเกลือ'),
('720907', 'หนองโอ่ง'),
('720908', 'ดอนคา'),
('720909', 'พลับพลาไชย'),
('720910', 'บ้านโข้ง'),
('720911', 'เจดีย์'),
('720912', 'สระพังลาน'),
('720913', 'กระจัน'),
('721001', 'หนองหญ้าไซ'),
('721002', 'หนองราชวัตร'),
('721003', 'หนองโพธิ์'),
('721004', 'แจงงาม'),
('721005', 'หนองขาม'),
('721006', 'ทัพหลวง'),
('730102', 'บางแขม'),
('730103', 'พระประโทน'),
('730104', 'ธรรมศาลา'),
('730105', 'ตาก้อง'),
('730106', 'มาบแค'),
('730107', 'สนามจันทร์'),
('730108', 'ดอนยายหอม'),
('730109', 'ถนนขาด'),
('730110', 'บ่อพลับ'),
('730111', 'นครปฐม'),
('730112', 'วังตะกู'),
('730113', 'หนองปากโลง'),
('730114', 'สามควายเผือก'),
('730115', 'ทุ่งน้อย'),
('730116', 'หนองดินแดง'),
('730117', 'วังเย็น'),
('730118', 'โพรงมะเดื่อ'),
('730119', 'ลำพยา'),
('730120', 'สระกะเทียม'),
('730121', 'สวนป่าน'),
('730122', 'ห้วยจรเข้'),
('730123', 'ทัพหลวง'),
('730124', 'หนองงูเหลือม'),
('730125', 'บ้านยาง'),
('730201', 'ทุ่งกระพังโหม'),
('730202', 'กระตีบ'),
('730203', 'ทุ่งลูกนก'),
('730204', 'ห้วยขวาง'),
('730205', 'ทุ่งขวาง'),
('730206', 'สระสี่มุม'),
('730207', 'ทุ่งบัว'),
('730208', 'ดอนข่อย'),
('730209', 'สระพัฒนา'),
('730210', 'ห้วยหมอนทอง'),
('730211', 'ห้วยม่วง'),
('730212', 'กำแพงแสน'),
('730213', 'รางพิกุล'),
('730214', 'หนองกระทุ่ม'),
('730215', 'วังน้ำเขียว'),
('730301', 'นครชัยศรี'),
('730302', 'บางกระเบา'),
('730303', 'วัดแค'),
('730304', 'ท่าตำหนัก'),
('730305', 'บางแก้ว'),
('730306', 'ท่ากระชับ'),
('730307', 'ขุนแก้ว'),
('730308', 'ท่าพระยา'),
('730309', 'พะเนียด'),
('730310', 'บางระกำ'),
('730311', 'โคกพระเจดีย์'),
('730312', 'ศรีษะทอง'),
('730313', 'แหลมบัว'),
('730314', 'ศรีมหาโพธิ์'),
('730315', 'สัมปทวน'),
('730316', 'วัดสำโรง'),
('730317', 'ดอนแฝก'),
('730318', 'ห้วยพลู'),
('730319', 'วัดละมุด'),
('730320', 'บางพระ'),
('730321', 'บางแก้วฟ้า'),
('730322', 'ลานตากฟ้า'),
('730323', 'งิ้วราย'),
('730324', 'ไทยาวาส'),
('730402', 'ห้วยพระ'),
('730403', 'ลำเหย'),
('730404', 'ดอนพุทรา'),
('730405', 'บ้านหลวง'),
('730406', 'ดอนรวก'),
('730407', 'ห้วยด้วน'),
('730501', 'บางเลน'),
('730502', 'บางปลา'),
('730503', 'บางหลวง'),
('730504', 'บางภาษี'),
('730505', 'บางระกำ'),
('730506', 'บางไทรป่า'),
('730507', 'หินมูล'),
('730508', 'ไทรงาม'),
('730509', 'ดอนตูม'),
('730510', 'นิลเพชร'),
('730511', 'บัวปากท่า'),
('730512', 'คลองนกกระทุง'),
('730513', 'นราภิรมย์'),
('730514', 'ลำพญา'),
('730515', 'ไผ่หูช้าง'),
('730601', 'ท่าข้าม'),
('730602', 'ทรงคนอง'),
('730603', 'หอมเกร็ด'),
('730604', 'บางกระทึก'),
('730605', 'บางเตย'),
('730606', 'สามพราน'),
('730607', 'บางช้าง'),
('730609', 'ท่าตลาด'),
('730611', 'คลองใหม่'),
('730612', 'ตลาดจินดา'),
('730613', 'คลองจินดา'),
('730614', 'ยายชา'),
('730615', 'บ้านใหม่'),
('730701', 'ศาลายา'),
('730702', 'คลองโยง'),
('730703', 'มหาสวัสดิ์'),
('740104', 'บ้านบ่อ'),
('740105', 'บางโทรัด'),
('740106', 'กาหลง'),
('740107', 'นาโคก'),
('740108', 'ท่าจีน'),
('740109', 'ทต.นาดี'),
('740110', 'ท่าทราย'),
('740111', 'คอกกระบือ'),
('740112', 'บางน้ำจืด'),
('740113', 'พันท้ายนรสิงห์'),
('740114', 'โคกขาม'),
('740115', 'บ้านเกาะ'),
('740116', 'บางกระเจ้า'),
('740117', 'ทต.บางหญ้าแพรก'),
('740118', 'ชัยมงคล'),
('740203', 'ท่าไม้'),
('740204', 'ทต.สวนหลวง'),
('740205', 'บางยาง'),
('740206', 'คลองมะเดื่อ'),
('740207', 'หนองนกไข่'),
('740208', 'ดอนไก่ดี'),
('740209', 'แคราย'),
('740210', 'ท่าเสา'),
('740301', 'บ้านแพ้ว'),
('740302', 'หลักสาม'),
('740307', 'หลักสอง'),
('740308', 'เจ็ดริ้ว'),
('740309', 'คลองตัน'),
('740310', 'อำแพง'),
('740311', 'สวนส้ม'),
('750102', 'บางขันแตก'),
('750103', 'ลาดใหญ่'),
('750104', 'บ้านปรก'),
('750105', 'บางแก้ว'),
('750106', 'ท้ายหาด'),
('750107', 'แหลมใหญ่'),
('750108', 'คลองเขิน'),
('750109', 'คลองโคน'),
('750110', 'นางตะเคียน'),
('750111', 'บางจะเกร็ง'),
('750201', 'กระดังงา'),
('750202', 'บางสะแก'),
('750203', 'บางยี่รงค์'),
('750204', 'โรงหีบ'),
('750205', 'บางคนที'),
('750206', 'ดอนมะโนรา'),
('750207', 'บางพรม'),
('750208', 'บางกุ้ง'),
('750209', 'จอมปลวก'),
('750211', 'ยายแพง'),
('750212', 'บางกระบือ'),
('750213', 'บ้านปราโมทย์'),
('750302', 'สวนหลวง'),
('750303', 'ท่าคา'),
('750304', 'วัดประดู่'),
('750305', 'เหมืองใหม่'),
('750306', 'บางช้าง'),
('750307', 'แควอ้อม'),
('750308', 'ปลายโพงพาง'),
('750309', 'บางแค'),
('750310', 'แพรกหนามแดง'),
('750311', 'ยี่สาร'),
('750312', 'บางนางลี่'),
('760103', 'บางจาน'),
('760104', 'นาพันสาม'),
('760105', 'ธงชัย'),
('760106', 'บ้านกุ่ม'),
('760107', 'หนองโสน'),
('760108', 'ไร่ส้ม'),
('760109', 'เวียงคอย'),
('760110', 'บางจาก'),
('760111', 'บ้านหม้อ'),
('760112', 'ต้นมะม่วง'),
('760113', 'ช่องสะแก'),
('760114', 'นาวุ้ง'),
('760115', 'สำมะโรง'),
('760116', 'โพพระ'),
('760119', 'ต้นมะพร้าว'),
('760121', 'โพไร่หวาน'),
('760122', 'ดอนยาง'),
('760123', 'หนองขนาน'),
('760124', 'หนองพลับ'),
('760201', 'เขาย้อย'),
('760202', 'สระพัง'),
('760204', 'ทับคาง'),
('760205', 'หนองปลาไหล'),
('760206', 'หนองปรง'),
('760207', 'หนองชุมพล'),
('760208', 'ห้วยโรง'),
('760209', 'ห้วยท่าช้าง'),
('760210', 'หนองชุมพลเหนือ'),
('760301', 'หนองหญ้าปล้อง'),
('760302', 'ยางน้ำกลัดเหนือ'),
('760303', 'ยางน้ำกลัดใต้'),
('760304', 'ท่าตะคร้อ'),
('760402', 'บางเก่า'),
('760405', 'หนองศาลา'),
('760406', 'ห้วยทรายเหนือ'),
('760407', 'ไร่ใหม่พัฒนา'),
('760408', 'สามพระยา'),
('760502', 'ท่าคอย'),
('760503', 'ยางหย่อง'),
('760504', 'หนองจอก'),
('760505', 'มาบปลาเค้า'),
('760506', 'ท่าไม้รวก'),
('760507', 'วังไคร้'),
('760511', 'กลัดหลวง'),
('760512', 'ปึกเตียน'),
('760513', 'เขากระปุก'),
('760514', 'ท่าแลง'),
('760515', 'บ้านในดง'),
('760602', 'บ้านหาด'),
('760603', 'บ้านทาน'),
('760604', 'ตำหรุ'),
('760605', 'สมอพลือ'),
('760606', 'ไร่มะขาม'),
('760607', 'ท่าเสน'),
('760608', 'หนองกระเจ็ด'),
('760609', 'หนองกะปุ'),
('760610', 'ลาดโพธิ์'),
('760611', 'สะพานไกร'),
('760612', 'ไร่โคก'),
('760613', 'โรงเข้'),
('760614', 'ไร่สะท้อน'),
('760615', 'ห้วยข้อง'),
('760616', 'ท่าช้าง'),
('760617', 'ถ้ำรงค์'),
('760618', 'ห้วยลึก'),
('760701', 'บ้านแหลม'),
('760702', 'บางขุนไทร'),
('760703', 'ปากทะเล'),
('760704', 'บางแก้ว'),
('760705', 'แหลมผักเบี้ย'),
('760706', 'บางตะบูน'),
('760707', 'บางตะบูนออก'),
('760708', 'บางครก'),
('760709', 'ท่าแร้ง'),
('760710', 'ท่าแร้งออก'),
('760801', 'แก่งกระจาน'),
('760802', 'สองพี่น้อง'),
('760803', 'วังจันทร์'),
('760804', 'ป่าเด็ง'),
('760805', 'พุสวรรค์'),
('760806', 'ห้วยแม่เพรียง'),
('770102', 'เกาะหลัก'),
('770103', 'คลองวาฬ'),
('770104', 'ห้วยทราย'),
('770105', 'อ่าวน้อย'),
('770106', 'บ่อนอก'),
('770130', 'เทศบาลเมืองประจวบคีรีขันธ์'),
('770141', 'เทศบาลตำบลชุมชน กม. 5'),
('770142', 'เทศบาลตำบลคลองวาฬ'),
('770201', 'กุยบุรี'),
('770202', 'กุยเหนือ'),
('770203', 'เขาแดง'),
('770204', 'ดอนยายหนู'),
('770206', 'สามกระทาย'),
('770207', 'หาดขาม'),
('770243', 'เทศบาลตำบลกุยบุรี'),
('770301', 'ทับสะแก'),
('770302', 'อ่างทอง'),
('770303', 'นาหูกวาง'),
('770304', 'เขาล้าน'),
('770305', 'ห้วยยาง'),
('770306', 'แสงอรุณ'),
('770340', 'เทศบาลตำบลทับสะแก'),
('770401', 'กำเนิดนพคุณ'),
('770402', 'พงศ์ประศาสน์'),
('770403', 'ร่อนทอง'),
('770404', 'ธงชัย'),
('770405', 'ชัยเกษม'),
('770406', 'ทองมงคล'),
('770407', 'แม่รำพึง'),
('770435', 'เทศบาลตำบลร่อนทอง'),
('770437', 'เทศบาลตำบลบ้านกรูด'),
('770444', 'เทศบาลตำบลกำเนิดนพคุณ'),
('770501', 'ปากแพรก'),
('770502', 'บางสะพาน'),
('770503', 'ทรายทอง'),
('770504', 'ช้างแรก'),
('770505', 'ไชยราช'),
('770538', 'เทศบาลตำบลบางสะพานน้อย'),
('770601', 'ปราณบุรี'),
('770602', 'เทศบาลตำบลเขาน้อย'),
('770604', 'ปากน้ำปราณ'),
('770607', 'หนองตาแต้ม'),
('770608', 'วังก์พง'),
('770609', 'เขาจ้าว'),
('770636', 'เทศบาลตำบลปราณบุรี'),
('770703', 'หินเหล็กไฟ'),
('770704', 'หนองพลับ'),
('770705', 'ทับใต้'),
('770706', 'ห้วยสัตว์ใหญ่'),
('770707', 'บึงนคร'),
('770732', 'เทศบาลตำบลหนองพลับ'),
('770801', 'สามร้อยยอด'),
('770802', 'ศิลาลอย'),
('770803', 'ไร่เก่า'),
('770804', 'ศาลาลัย'),
('770805', 'ไร่ใหม่'),
('770831', 'เทศบาลตำบลไร่เก่า'),
('777060', 'เทศบาลตำบลเขาน้อย'),
('800106', 'ท่าไร่'),
('800107', 'ปากนคร'),
('800108', 'นาทราย'),
('800112', 'กำแพงเซา'),
('800113', 'ไชยมนตรี'),
('800114', 'มะม่วงสองต้น'),
('800115', 'นาเคียน'),
('800116', 'ท่างิ้ว'),
('800118', 'โพธิ์เสด็จ'),
('800119', 'บางจาก'),
('800120', 'ปากพูน'),
('800121', 'ท่าซัก'),
('800122', 'ท่าเรือ'),
('800141', 'เทศบาลตำบลปากนคร'),
('800142', 'เทศบาลตำบลบางจาก'),
('800146', 'เทศบาลตำบลท่าแพ'),
('800201', 'พรหมโลก'),
('800202', 'บ้านเกาะ'),
('800203', 'อินคีรี'),
('800204', 'ทอนหงส์'),
('800205', 'นาเรียง'),
('800239', 'เทศบาลตำบลพรหมโลก'),
('800247', 'เทศบาลตำบลทอนหงส์'),
('800301', 'เขาแก้ว'),
('800302', 'ลานสกา'),
('800303', 'ท่าดี'),
('800304', 'กำโลน'),
('800305', 'ขุนทะเล'),
('800335', 'เทศบาลตำบลลานสกา'),
('800401', 'ฉวาง'),
('800403', 'ละอาย'),
('800404', 'นาแว'),
('800405', 'ไม้เรียง'),
('800406', 'กะเปียด'),
('800407', 'นากะชะ'),
('800409', 'ห้วยปริก'),
('800410', 'ไสหร้า'),
('800415', 'นาเขลียง'),
('800416', 'เทศบาลตำบลจันดี'),
('800417', 'เทศบาลตำบลฉวาง'),
('800418', 'เทศบาลตำบลจันดี'),
('800437', 'เทศบาลตำบลไม้เรียง'),
('800450', 'เทศบาลตำบลฉวาง'),
('800451', 'เทศบาลตำบลจันดี'),
('800501', 'พิปูน'),
('800502', 'กะทูน'),
('800503', 'เขาพระ'),
('800504', 'ยางค้อม'),
('800505', 'ควนกลาง'),
('800538', 'เทศบาลตำบลพิปูน'),
('800601', 'เชียรใหญ่'),
('800603', 'ท่าขนาน'),
('800604', 'บ้านกลาง'),
('800605', 'บ้านเนิน'),
('800606', 'ไสหมาก'),
('800607', 'ท้องลำเจียก'),
('800610', 'เสือหึง'),
('800611', 'การะเกด'),
('800612', 'เขาพระบาท'),
('800613', 'แม่เจ้าอยู่หัว'),
('800648', 'เทศบาลตำบลเชียรใหญ่'),
('800701', 'ชะอวด'),
('800702', 'ท่าเสม็ด'),
('800703', 'ท่าประจะ'),
('800704', 'เคร็ง'),
('800705', 'วังอ่าง'),
('800706', 'บ้านตูล'),
('800707', 'ขอนหาด'),
('800708', 'เกาะขันธ์'),
('800709', 'ควนหนองหงษ์'),
('800710', 'เขาพระทอง'),
('800711', 'นางหลง'),
('800714', 'เทศบาลตำบลชะอวด'),
('800801', 'ท่าศาลา'),
('800802', 'กลาย'),
('800803', 'ท่าขึ้น'),
('800804', 'หัวตะพาน'),
('800806', 'สระแก้ว'),
('800807', 'โมคลาน'),
('800809', 'ไทยบุรี'),
('800810', 'ดอนตะโก'),
('800811', 'ตลิ่งชัน'),
('800813', 'โพธิ์ทอง'),
('800844', 'เทศบาลตำบลท่าศาลา'),
('800902', 'ชะมาย'),
('800903', 'หนองหงส์'),
('800904', 'ควนกรด'),
('800905', 'นาไม้ไผ่'),
('800906', 'นาหลวงเสน'),
('800907', 'เขาโร'),
('800908', 'กะปาง'),
('800909', 'ที่วัง'),
('800910', 'น้ำตก'),
('800911', 'ถ้ำใหญ่'),
('800912', 'นาโพธิ์'),
('800913', 'เขาขาว'),
('801001', 'นาบอน'),
('801002', 'ทุ่งสง'),
('801003', 'แก้วแสน'),
('801043', 'เทศบาลตำบลนาบอน'),
('801101', 'ท่ายาง'),
('801102', 'ทุ่งสัง'),
('801103', 'ทุ่งใหญ่'),
('801104', 'กุแหระ'),
('801105', 'ปริก'),
('801106', 'บางรูป'),
('801107', 'กรุงหยัน'),
('801145', 'เทศบาลตำบลท่ายาง'),
('801202', 'คลองน้อย'),
('801203', 'ป่าระกำ'),
('801204', 'ชะเมา'),
('801205', 'คลองกระบือ'),
('801206', 'เกาะทวด'),
('801207', 'บ้านใหม่'),
('801208', 'หูล่อง'),
('801209', 'แหลมตะลุมพุก'),
('801210', 'ปากพนังฝั่งตะวันตก'),
('801211', 'บางศาลา'),
('801212', 'บางพระ'),
('801213', 'บางตะพง'),
('801214', 'ปากพนังฝั่งตะวันออก'),
('801215', 'บ้านเพิง'),
('801216', 'ท่าพยา'),
('801217', 'ปากแพรก'),
('801218', 'ขนาบนาก'),
('801301', 'ร่อนพิบูลย์'),
('801302', 'หินตก'),
('801303', 'เสาธง'),
('801304', 'ควนเกย'),
('801305', 'ควนพัง'),
('801306', 'ควนชุม'),
('801332', 'เทศบาลตำบลหินตก'),
('801336', 'เทศบาลตำบลร่อนพิบูลย์'),
('801401', 'สิชล'),
('801402', 'ทุ่งปรัง'),
('801403', 'ฉลอง'),
('801404', 'เสาเภา'),
('801405', 'เปลี่ยน'),
('801406', 'สี่ขีด'),
('801407', 'เทพราช'),
('801408', 'เขาน้อย'),
('801409', 'ทุ่งใส'),
('801434', 'เทศบาลตำบลสิชล'),
('801501', 'ขนอม'),
('801502', 'ควนทอง'),
('801503', 'ท้องเนียน'),
('801601', 'หัวไทร'),
('801602', 'หน้าสตน'),
('801603', 'ทรายขาว'),
('801604', 'แหลม'),
('801605', 'เขาพังไกร'),
('801606', 'บ้านราม'),
('801607', 'บางนบ'),
('801608', 'ท่าซอม'),
('801609', 'ควนชะลิก'),
('801610', 'รามแก้ว'),
('801611', 'เกาะเพชร'),
('801633', 'เทศบาลตำบลหัวไทร'),
('801701', 'บางขัน'),
('801702', 'บ้านลำนาว'),
('801703', 'วังหิน'),
('801704', 'บ้านนิคม'),
('801801', 'ถ้ำพรรณรา'),
('801802', 'คลองเส'),
('801803', 'ดุสิต'),
('801901', 'บ้านควนมุด'),
('801902', 'บ้านชะอวด'),
('801903', 'ควนหนองคว้า'),
('801904', 'ทุ่งโพธิ์'),
('801905', 'นาหมอบุญ'),
('801906', 'สามตำบล'),
('802001', 'นาพรุ'),
('802002', 'นาสาร'),
('802003', 'ท้ายสำเภา'),
('802004', 'ช้างซ้าย'),
('802101', 'นบพิตำ'),
('802102', 'กรุงชิง'),
('802103', 'กะหรอ'),
('802104', 'นาเหรง'),
('802201', 'ช้างกลาง'),
('802202', 'หลักช้าง'),
('802203', 'สวนขัน'),
('802301', 'เชียรเขา'),
('802302', 'ดอนตรอ'),
('802303', 'สวนหลวง'),
('802304', 'ทางพูน'),
('810102', 'กระบี่ใหญ่'),
('810103', 'กระบี่น้อย'),
('810105', 'เขาคราม'),
('810106', 'เขาทอง'),
('810111', 'ทับปริก'),
('810115', 'ไสไทย'),
('810116', 'อ่าวนาง'),
('810117', 'หนองทะเล'),
('810118', 'คลองประสงค์'),
('810201', 'เขาพนม'),
('810202', 'เขาดิน'),
('810203', 'สินปุน'),
('810204', 'พรุเตียว'),
('810205', 'หน้าเขา'),
('810206', 'โคกหาร'),
('810238', 'เทศบาลตำบลเขาพนม'),
('810301', 'เกาะลันตาใหญ่'),
('810302', 'เกาะลันตาน้อย'),
('810303', 'เกาะกลาง'),
('810304', 'คลองยาง'),
('810305', 'ศาลาด่าน'),
('810339', 'เทศบาลตำบลเกาะลันตาใหญ่'),
('810401', 'คลองท่อมใต้'),
('810402', 'คลองท่อมเหนือ'),
('810403', 'คลองพน'),
('810404', 'ทรายขาว'),
('810405', 'ห้วยน้ำขาว'),
('810406', 'พรุดินนา'),
('810407', 'เพหลา'),
('810436', 'เทศบาลตำบลคลองพน'),
('810437', 'เทศบาลตำบลคลองท่อมใต้'),
('810501', 'อ่าวลึกใต้'),
('810502', 'แหลมสัก'),
('810503', 'นาเหนือ'),
('810504', 'คลองหิน'),
('810505', 'อ่าวลึกน้อย'),
('810506', 'อ่าวลึกเหนือ'),
('810507', 'เขาใหญ่'),
('810508', 'คลองยา'),
('810509', 'บ้านกลาง'),
('810531', 'เทศบาลตำบลอ่าวลึกใต้'),
('810532', 'เทศบาลตำบลแหลมสัก'),
('810601', 'ปลายพระยา'),
('810602', 'เขาเขน'),
('810603', 'เขาต่อ'),
('810604', 'คีรีวง'),
('810635', 'เทศบาลตำบลปลายพระยา'),
('810701', 'ลำทับ'),
('810702', 'ดินอุดม'),
('810703', 'ทุ่งไทรทอง'),
('810704', 'ดินแดง'),
('810734', 'เทศบาลตำบลลำทับ'),
('810801', 'เหนือคลอง'),
('810802', 'เกาะศรีบอยา'),
('810803', 'คลองขนาน'),
('810804', 'คลองเขม้า'),
('810805', 'โคกยาง'),
('810806', 'ตลิ่งชัน'),
('810807', 'ปกาสัย'),
('810808', 'ห้วยยูง'),
('810833', 'เทศบาลตำบลเหนือคลอง'),
('820102', 'นบปริง'),
('820103', 'ถ้ำน้ำผุด'),
('820104', 'บางเตย'),
('820105', 'ตากแดด'),
('820106', 'สองแพรก'),
('820107', 'ทุ่งคาโงก'),
('820108', 'เกาะปันหยี'),
('820109', 'ป่ากอ'),
('820201', 'เกาะยาวน้อย'),
('820202', 'เกาะยาวใหญ่'),
('820203', 'พรุใน'),
('820301', 'กะปง'),
('820302', 'ท่านา'),
('820303', 'เหมาะ'),
('820304', 'เหล'),
('820305', 'รมณีย์'),
('820401', 'ถ้ำ'),
('820402', 'กระโสม'),
('820403', 'กะไหล'),
('820404', 'ท่าอยู่'),
('820405', 'หล่อยูง'),
('820406', 'โคกกลอย'),
('820407', 'คลองเคียน'),
('820502', 'บางนายสี'),
('820503', 'บางไทร'),
('820504', 'บางม่วง'),
('820505', 'ตำตัว'),
('820506', 'โคกเคียน'),
('820507', 'คึกคัก'),
('820508', 'เกาะคอเขา'),
('820601', 'คุระ'),
('820602', 'บางวัน'),
('820603', 'เกาะพระทอง'),
('820605', 'แม่นางขาว'),
('820701', 'ทับปุด'),
('820702', 'มะรุ่ย'),
('820703', 'บ่อแสน'),
('820704', 'ถ้ำทองหลาง'),
('820705', 'โคกเจริญ'),
('820706', 'บางเหรียง'),
('820801', 'ท้ายเหมือง'),
('820802', 'นาเตย'),
('820803', 'บางทอง'),
('820804', 'ทุ่งมะพร้าว'),
('820805', 'ลำภี'),
('820806', 'ลำแก่น'),
('830103', 'เกาะแก้ว'),
('830104', 'รัษฎา'),
('830105', 'วิชิต'),
('830106', 'ฉลอง'),
('830107', 'ราไวย์'),
('830203', 'กมลา'),
('830301', 'เทพกระษัตรี'),
('830302', 'ศรีสุนทร'),
('830303', 'เชิงทะเล'),
('830304', 'ป่าคลอก'),
('830305', 'ไม้ขาว'),
('830306', 'สาคู'),
('840102', 'มะขามเตี้ย'),
('840103', 'วัดประดู่'),
('840104', 'ขุนทะเล'),
('840105', 'บางใบไม้'),
('840106', 'บางชนะ'),
('840107', 'คลองน้อย'),
('840108', 'บางไทร'),
('840109', 'บางโพธิ์'),
('840111', 'คลองฉนาก'),
('840201', 'ท่าทองใหม่'),
('840202', 'ท่าทอง'),
('840204', 'ทุ่งกง'),
('840205', 'กรูด'),
('840206', 'ช้างซ้าย'),
('840207', 'พลายวาส'),
('840208', 'ป่าร่อน'),
('840209', 'ตะเคียนทอง'),
('840210', 'ช้างขวา'),
('840211', 'ท่าอุแท'),
('840212', 'ทุ่งรัง'),
('840213', 'คลองสระ'),
('840301', 'ดอนสัก'),
('840302', 'ชลคราม'),
('840303', 'ไชยคราม'),
('840304', 'ปากแพรก'),
('840501', 'เกาะพะงัน'),
('840502', 'บ้านใต้'),
('840503', 'เกาะเต่า'),
('840603', 'เลม็ด'),
('840604', 'เวียง'),
('840605', 'ทุ่ง'),
('840606', 'ป่าเว'),
('840607', 'ตะกรบ'),
('840608', 'โมถ่าย'),
('840609', 'ปากหมาก'),
('840701', 'ท่าชนะ'),
('840702', 'สมอทอง'),
('840703', 'ประสงค์'),
('840704', 'คันธุลี'),
('840705', 'วัง'),
('840706', 'คลองพา'),
('840801', 'ท่าขนอน'),
('840802', 'บ้านยาง'),
('840803', 'น้ำหัก'),
('840806', 'กะเปา'),
('840807', 'ท่ากระดาน'),
('840808', 'ย่านยาว'),
('840809', 'ถ้ำสิงขร'),
('840810', 'บ้านทำเนียบ'),
('840901', 'เขาวง'),
('840902', 'พะแสง'),
('840903', 'พรุไทย'),
('841001', 'พนม'),
('841002', 'ต้นยวน'),
('841003', 'คลองศก'),
('841004', 'พลูเถื่อน'),
('841006', 'คลองชะอุ่น'),
('841101', 'ท่าฉาง'),
('841102', 'ท่าเคย'),
('841103', 'คลองไทร'),
('841104', 'เขาถ่าน'),
('841105', 'เสวียด'),
('841106', 'ปากฉลุย'),
('841202', 'พรุพี'),
('841203', 'ทุ่งเตา'),
('841204', 'ลำพูน'),
('841205', 'ท่าชี'),
('841206', 'ควนศรี'),
('841207', 'ควนสุบรรณ'),
('841208', 'คลองปราบ'),
('841209', 'น้ำพุ'),
('841210', 'ทุ่งเตาใหม่'),
('841211', 'เพิ่มพูนทรัพย์'),
('841301', 'บ้านนา'),
('841302', 'ท่าเรือ'),
('841303', 'ทรัพย์ทวี'),
('841304', 'นาใต้'),
('841401', 'เคียนซา'),
('841402', 'พ่วงพรมคร'),
('841403', 'เขาตอก'),
('841404', 'อรัญคามวารี'),
('841405', 'บ้านเสด็จ'),
('841501', 'เวียงสระ'),
('841502', 'บ้านส้อง'),
('841503', 'คลองฉนวน'),
('841504', 'ทุ่งหลวง'),
('841505', 'เขานิพันธ์'),
('841601', 'อิปัน'),
('841602', 'สินปุน'),
('841603', 'บางสวรรค์'),
('841604', 'ไทรขึง'),
('841605', 'สินเจริญ'),
('841606', 'ไทรโสภา'),
('841607', 'สาคู'),
('841701', 'ท่าข้าม'),
('841702', 'ท่าสะท้อน'),
('841703', 'ลีเล็ด'),
('841704', 'บางมะเดื่อ'),
('841705', 'บางเดือน'),
('841706', 'ท่าโรงช้าง'),
('841707', 'กรูด'),
('841708', 'พุนพิน'),
('841709', 'บางงอน'),
('841710', 'ศรีวิชัย'),
('841711', 'น้ำรอบ'),
('841712', 'มะลวน'),
('841713', 'หัวเตย'),
('841714', 'หนองไทร'),
('841715', 'เขาหัวควาย'),
('841716', 'ตะปาน'),
('841801', 'สองแพรก'),
('841802', 'ชัยบุรี'),
('841803', 'คลองน้อย'),
('841804', 'ไทรทอง'),
('841901', 'ตะกุกใต้'),
('841902', 'ตะกุกเหนือ'),
('850102', 'ราชกรูด'),
('850103', 'หงาว'),
('850104', 'บางริ้น'),
('850105', 'ปากน้ำ'),
('850106', 'บางนอน'),
('850107', 'หาดส้มแป้น'),
('850108', 'ทรายแดง'),
('850109', 'เกาะพยาม'),
('850202', 'ละอุ่นเหนือ'),
('850204', 'บางพระเหนือ'),
('850205', 'บางแก้ว'),
('850206', 'ในวงเหนือ'),
('850207', 'ในวงใต้'),
('850301', 'ม่วงกลวง'),
('850302', 'กะเปอร์'),
('850303', 'เชี่ยวเหลียง'),
('850304', 'บ้านนา'),
('850305', 'บางหิน'),
('850401', 'น้ำจืด'),
('850402', 'น้ำจืดน้อย'),
('850403', 'มะมุ'),
('850404', 'ปากจั่น'),
('850405', 'ลำเลียง'),
('850406', 'จ.ป.ร.'),
('850407', 'บางใหญ่'),
('850501', 'นาคา'),
('850502', 'กำพวน'),
('860102', 'ปากน้ำ'),
('860103', 'เทศบาลตำบลท่ายาง'),
('860104', 'บางหมาก'),
('860105', 'นาทุ่ง'),
('860106', 'นาชะอัง'),
('860107', 'ตากแดด'),
('860108', 'บางลึก'),
('860109', 'หาดพันไกร'),
('860110', 'วังไผ่'),
('860111', 'วังใหม่'),
('860112', 'บ้านนา'),
('860113', 'ขุนกระทิง'),
('860114', 'ทุ่งคา'),
('860115', 'วิสัยเหนือ'),
('860116', 'หาดทรายรี'),
('860117', 'ถ้ำสิงห์'),
('860201', 'ท่าแซะ'),
('860202', 'คุริง'),
('860203', 'สลุย'),
('860204', 'นากระตาม'),
('860205', 'รับร่อ'),
('860206', 'ท่าข้าม'),
('860207', 'หงษ์เจริญ'),
('860208', 'หินแก้ว'),
('860209', 'ทรัพย์อนันต์'),
('860210', 'สองพี่น้อง'),
('860301', 'บางสน'),
('860302', 'ทะเลทรัพย์'),
('860303', 'สะพลี'),
('860304', 'ชุมโค'),
('860305', 'ดอนยาง'),
('860306', 'ปากคลอง'),
('860307', 'เขาไชยราช'),
('860403', 'ท่ามะพลา'),
('860404', 'นาขา'),
('860405', 'นาพญา'),
('860406', 'บ้านควน'),
('860407', 'บางมะพร้าว'),
('860408', 'บางน้ำจืด'),
('860409', 'ปากน้ำ'),
('860410', 'พ้อแดง'),
('860411', 'แหลมทราย'),
('860412', 'วังตะกอ'),
('860413', 'หาดยาย'),
('860501', 'ละแม'),
('860502', 'ทุ่งหลวง'),
('860503', 'สวนแตง'),
('860504', 'ทุ่งคาวัด'),
('860601', 'พะโต๊ะ'),
('860602', 'ปากทรง'),
('860603', 'ปังหวาน'),
('860604', 'พระรักษ์'),
('860701', 'นาโพธิ์'),
('860702', 'สวี'),
('860703', 'ทุ่งระยะ'),
('860704', 'ท่าหิน'),
('860705', 'ปากแพรก'),
('860706', 'ด่านสวี'),
('860707', 'ครน'),
('860708', 'วิสัยใต้'),
('860709', 'นาสัก'),
('860710', 'เขาทะลุ'),
('860711', 'เขาค่าย'),
('860802', 'ทุ่งตะไคร'),
('860803', 'ตะโก'),
('860804', 'ช่องไม้แก้ว'),
('900103', 'เกาะแต้ว'),
('900104', 'เทศบาลตำบลพะวง'),
('900105', 'ทุ่งหวัง'),
('900106', 'เกาะยอ'),
('900201', 'จะทิ้งพระ'),
('900202', 'กระดังงา'),
('900203', 'สนามชัย'),
('900204', 'ดีหลวง'),
('900205', 'ชุมพล'),
('900206', 'คลองรี'),
('900207', 'คูขุด'),
('900208', 'ท่าหิน'),
('900209', 'วัดจันทร์'),
('900210', 'บ่อแดง'),
('900211', 'บ่อดาน'),
('900301', 'บ้านนา'),
('900302', 'ป่าชิง'),
('900303', 'สะพานไม้แก่น'),
('900304', 'สะกอม'),
('900305', 'นาหว้า'),
('900306', 'นาทับ'),
('900307', 'น้ำขาว'),
('900308', 'ขุนตัดหวาย'),
('900309', 'ท่าหมอไทร'),
('900310', 'จะโหนง'),
('900311', 'คู'),
('900312', 'แค'),
('900313', 'คลองเปียะ'),
('900314', 'ตลิ่งชัน'),
('900401', 'นาทวี'),
('900402', 'ฉาง'),
('900403', 'นาหมอศรี'),
('900404', 'คลองทราย'),
('900405', 'ปลักหนู'),
('900406', 'ท่าประดู่'),
('900407', 'สะท้อน'),
('900408', 'ทับช้าง'),
('900409', 'ประกอบ'),
('900410', 'คลองกวาง'),
('900501', 'เทพา'),
('900502', 'ปากบาง'),
('900503', 'เกาะสะบ้า'),
('900504', 'ลำไพล'),
('900505', 'ท่าม่วง'),
('900506', 'วังใหญ่'),
('900507', 'สะกอม'),
('900601', 'สะบ้าย้อย'),
('900602', 'ทุ่งพอ'),
('900603', 'เปียน'),
('900604', 'บ้านโหนด'),
('900605', 'จะแหน'),
('900606', 'คูหา'),
('900607', 'เขาแดง'),
('900608', 'บาโหย'),
('900609', 'ธารคีรี'),
('900701', 'ระโนด'),
('900702', 'คลองแดน'),
('900703', 'ตะเครียะ'),
('900704', 'ท่าบอน'),
('900705', 'บ้านใหม่'),
('900706', 'บ่อตรุ'),
('900707', 'ปากแตระ'),
('900708', 'พังยาง'),
('900709', 'ระวะ'),
('900710', 'วัดสน'),
('900711', 'บ้านขาว'),
('900712', 'แดนสงวน'),
('900801', 'เกาะใหญ่'),
('900802', 'โรง'),
('900803', 'เชิงแส'),
('900804', 'กระแสสินธุ์'),
('900902', 'ท่าชะมวง'),
('900903', 'คูหาใต้'),
('900904', 'ควนรู'),
('900909', 'เขาพระ'),
('901002', 'ปริก'),
('901003', 'พังลา'),
('901004', 'สำนักแต้ว'),
('901005', 'ทุ่งหมอ'),
('901006', 'ท่าโพธิ์'),
('901007', 'ปาดังเบซาร์'),
('901008', 'สำนักขาม'),
('901009', 'เขามีเกียรติ'),
('901103', 'คูเต่า'),
('901107', 'คลองอู่ตะเภา'),
('901108', 'ฉลุง'),
('901111', 'ทุ่งใหญ่'),
('901113', 'ท่าข้าม'),
('901114', 'น้ำน้อย'),
('901116', 'บ้านพรุ'),
('901118', 'พะตง'),
('901201', 'นาหม่อม'),
('901202', 'พิจิตร'),
('901203', 'ทุ่งขมิ้น'),
('901204', 'คลองหรัง'),
('901301', 'รัตภูมิ'),
('901302', 'ควนโส'),
('901303', 'ห้วยลึก'),
('901304', 'บางเหรียง'),
('901401', 'บางกล่ำ'),
('901402', 'ท่าช้าง'),
('901403', 'แม่ทอม'),
('901404', 'บ้านหาร'),
('901501', 'ชิงโค'),
('901503', 'ทำนบ'),
('901504', 'รำแดง'),
('901505', 'วัดขนุน'),
('901506', 'ชะแล้'),
('901507', 'ปากรอ'),
('901508', 'ป่าขาด'),
('901510', 'บางเขียด'),
('901511', 'ม่วงงาม'),
('901601', 'คลองหอยโข่ง'),
('901602', 'ทุ่งลาน'),
('901603', 'โคกม่วง'),
('901604', 'คลองหลา'),
('910102', 'เทศบาลตำบลคลองขุด'),
('910103', 'ควนขัน'),
('910104', 'บ้านควน'),
('910105', 'ฉลุง'),
('910106', 'เกาะสาหร่าย'),
('910107', 'ตันหยงโป'),
('910108', 'เจ๊ะบิลัง'),
('910109', 'ตำมะลัง'),
('910110', 'ปูยู'),
('910111', 'ควนโพธิ์'),
('910112', 'เกตรี'),
('910201', 'ควนโดน'),
('910202', 'ควนสตอ'),
('910203', 'ย่านซื่อ'),
('910204', 'วังประจัน'),
('910301', 'ทุ่งนุ้ย'),
('910302', 'ควนกาหลง'),
('910303', 'อุใดเจริญ'),
('910401', 'ท่าแพ'),
('910402', 'แป-ระ'),
('910403', 'สาคร'),
('910404', 'ท่าเรือ'),
('910501', 'กำแพง'),
('910502', 'ละงู'),
('910503', 'เขาขาว'),
('910504', 'ปากน้ำ'),
('910505', 'น้ำผุด'),
('910506', 'แหลมสน'),
('910601', 'ทุ่งหว้า'),
('910602', 'นาทอน'),
('910603', 'ขอนคลาน'),
('910604', 'ทุ่งบุหลัง'),
('910605', 'ป่าแก่บ่อหิน'),
('910701', 'ปาล์มพัฒนา'),
('910702', 'นิคมพัฒนา'),
('920104', 'นาพละ'),
('920105', 'บ้านควน'),
('920106', 'นาบินหลา'),
('920107', 'ควนปริง'),
('920108', 'นาโยงใต้'),
('920109', 'บางรัก'),
('920110', 'เทศบาลตำบลโคกหล่อ'),
('920113', 'นาโต๊ะหมิง'),
('920114', 'หนองตรุด'),
('920115', 'น้ำผุด'),
('920117', 'นาตาล่วง'),
('920118', 'บ้านโพธิ์'),
('920119', 'นาท่ามเหนือ'),
('920120', 'นาท่ามใต้'),
('920202', 'ควนธานี'),
('920203', 'บางหมาก'),
('920204', 'บางเป้า'),
('920205', 'วังวน'),
('920206', 'กันตังใต้'),
('920207', 'โคกยาง'),
('920208', 'คลองลุ'),
('920209', 'ย่านซื่อ'),
('920210', 'บ่อน้ำร้อน'),
('920211', 'บางสัก'),
('920212', 'นาเกลือ'),
('920213', 'เกาะลิบง'),
('920214', 'คลองชีล้อม'),
('920301', 'ย่านตาขาว'),
('920302', 'หนองบ่อ'),
('920303', 'นาชุมเห็ด'),
('920304', 'ในควน'),
('920305', 'โพรงจระเข้'),
('920306', 'ทุ่งกระบือ'),
('920307', 'ทุ่งค่าย'),
('920308', 'เกาะเปียะ'),
('920401', 'ท่าข้าม'),
('920402', 'ทุ่งยาว'),
('920403', 'ปะเหลียน'),
('920404', 'บางด้วน'),
('920407', 'บ้านนา'),
('920409', 'สุโสะ'),
('920410', 'ลิพัง'),
('920411', 'เกาะสุกร'),
('920412', 'ท่าพญา'),
('920413', 'แหลมสอม'),
('920501', 'บ่อหิน'),
('920502', 'เขาไม้แก้ว'),
('920503', 'กะลาเส'),
('920504', 'ไม้ฝาด'),
('920505', 'นาเมืองเพชร'),
('920601', 'ห้วยยอด'),
('920602', 'หนองช้างแล่น'),
('920605', 'บางดี'),
('920606', 'บางกุ้ง'),
('920607', 'เขากอบ'),
('920608', 'เขาขาว'),
('920609', 'เขาปูน'),
('920610', 'ปากแจ่ม'),
('920611', 'ปากคม'),
('920614', 'ท่างิ้ว');
INSERT INTO `tb_subdistrict` (`subdistrict_id`, `subdistrict_name`) VALUES
('920615', 'ลำภูรา'),
('920616', 'นาวง'),
('920617', 'ห้วยนาง'),
('920619', 'ในเตา'),
('920620', 'ทุ่งต่อ'),
('920621', 'วังคีรี'),
('920701', 'เขาวิเศษ'),
('920702', 'วังมะปราง'),
('920703', 'อ่าวตง'),
('920704', 'ท่าสะบ้า'),
('920705', 'วังมะปรางเหนือ'),
('920801', 'นาโยงเหนือ'),
('920802', 'ช่อง'),
('920803', 'ละมอ'),
('920804', 'โคกสะบ้า'),
('920805', 'นาหมื่นศรี'),
('920806', 'นาข้าวเสีย'),
('920901', 'ควนเมา'),
('920902', 'คลองปาง'),
('920903', 'หนองบัว'),
('920904', 'หนองปรือ'),
('920905', 'เขาไพร'),
('921001', 'หาดสำราญ'),
('921002', 'บ้าหวี'),
('921003', 'ตะเสะ'),
('930103', 'เขาเจียก'),
('930104', 'ท่ามิหรำ'),
('930105', 'โคกชะงาย'),
('930106', 'นาท่อม'),
('930107', 'ปรางหมู่'),
('930108', 'ท่าแค'),
('930109', 'ลำปำ'),
('930110', 'ตำนาน'),
('930111', 'ควนมะพร้าว'),
('930112', 'ร่มเมือง'),
('930113', 'ชัยบุรี'),
('930114', 'นาโหนด'),
('930115', 'พญาขัน'),
('930201', 'กงหรา'),
('930202', 'ชะรัด'),
('930203', 'คลองเฉลิม'),
('930204', 'คลองทรายขาว'),
('930205', 'สมหวัง'),
('930301', 'เขาชัยสน'),
('930302', 'ควนขนุน'),
('930305', 'จองถนน'),
('930306', 'หานโพธิ์'),
('930307', 'โคกม่วง'),
('930401', 'แม่ขรี'),
('930402', 'ตะโหมด'),
('930403', 'คลองใหญ่'),
('930501', 'ควนขนุน'),
('930502', 'ทะเลน้อย'),
('930504', 'นาขยาด'),
('930505', 'พนมวังก์'),
('930506', 'แหลมโตนด'),
('930508', 'ปันแต'),
('930509', 'โตนดด้วน'),
('930510', 'ดอนทราย'),
('930511', 'มะกอกเหนือ'),
('930512', 'พนางตุง'),
('930513', 'ชะมวง'),
('930516', 'แพรกหา'),
('930601', 'ปากพะยูน'),
('930602', 'ดอนประดู่'),
('930603', 'เกาะนางคำ'),
('930604', 'เกาะหมาก'),
('930605', 'ฝาละมี'),
('930606', 'หารเทา'),
('930607', 'ดอนทราย'),
('930701', 'เขาย่า'),
('930702', 'เขาปู่'),
('930703', 'ตะแพน'),
('930801', 'ป่าบอน'),
('930802', 'โคกทราย'),
('930803', 'หนองธง'),
('930804', 'ทุ่งนารี'),
('930806', 'วังใหม่'),
('930901', 'ท่ามะเดื่อ'),
('930902', 'นาปะขอ'),
('930903', 'โคกสัก'),
('931001', 'ป่าพะยอม'),
('931002', 'ลานข่อย'),
('931003', 'เกาะเต่า'),
('931004', 'บ้านพร้าว'),
('931101', 'ชุมพล'),
('931102', 'บ้านนา'),
('931103', 'อ่างทอง'),
('931104', 'ลำสินธุ์'),
('940104', 'บานา'),
('940105', 'ตันหยงลุโละ'),
('940106', 'คลองมานิง'),
('940107', 'กะมิยอ'),
('940108', 'บาราโหม'),
('940109', 'ปะกาฮะรัง'),
('940110', 'รูสะมิแล'),
('940111', 'ตะลุโบะ'),
('940112', 'บาราเฮาะ'),
('940113', 'ปุยุด'),
('940201', 'โคกโพธิ์'),
('940202', 'มะกรูด'),
('940203', 'บางโกระ'),
('940204', 'ป่าบอน'),
('940205', 'ทรายขาว'),
('940206', 'นาประดู่'),
('940207', 'ปากล่อ'),
('940208', 'ทุ่งพลา'),
('940211', 'ท่าเรือ'),
('940213', 'นาเกตุ'),
('940214', 'ควนโนรี'),
('940215', 'ช้างให้ตก'),
('940301', 'เกาะเปาะ'),
('940302', 'คอลอตันหยง'),
('940303', 'ดอนรัก'),
('940304', 'ดาโต๊ะ'),
('940305', 'ตุยง'),
('940306', 'ท่ากำชำ'),
('940308', 'บางเขา'),
('940309', 'บางตาวา'),
('940310', 'ปุโละปุโย'),
('940311', 'ยาบี'),
('940312', 'ลิปะสะโง'),
('940402', 'ท่าข้าม'),
('940403', 'บ้านนอก'),
('940404', 'ดอน'),
('940405', 'ควน'),
('940406', 'ท่าน้ำ'),
('940407', 'คอกกระบือ'),
('940408', 'พ่อมิ่ง'),
('940409', 'บ้านกลาง'),
('940410', 'บ้านน้ำบ่อ'),
('940502', 'ถนน'),
('940503', 'ตรัง'),
('940504', 'กระหวะ'),
('940505', 'ลุโบะยิไร'),
('940506', 'ลางา'),
('940507', 'กระเสาะ'),
('940508', 'เกาะจัน'),
('940509', 'ปะโด'),
('940510', 'สาคอบน'),
('940511', 'สาคอใต้'),
('940512', 'สะกำ'),
('940513', 'ปานัน'),
('940601', 'ตะโละแมะนา'),
('940602', 'พิเทน'),
('940603', 'น้ำดำ'),
('940604', 'ปากู'),
('940702', 'ตะบิ้ง'),
('940703', 'ปะเสยะวอ'),
('940704', 'บางเก่า'),
('940705', 'บือเระ'),
('940706', 'เตราะบอน'),
('940707', 'กะดุนง'),
('940708', 'ละหาร'),
('940709', 'มะนังดาลำ'),
('940710', 'แป้น'),
('940711', 'ทุ่งคล้า'),
('940801', 'ไทรทอง'),
('940802', 'ไม้แก่น'),
('940803', 'ตะโละไกรทอง'),
('940804', 'ดอนทราย'),
('940901', 'ตะโละ'),
('940902', 'ตะโละกาโปร์'),
('940903', 'ตันหยงดาลอ'),
('940904', 'ตันหยงจึงงา'),
('940905', 'ตอหลัง'),
('940906', 'ตาแกะ'),
('940907', 'ตาลีอายร์'),
('940908', 'ยามู'),
('940910', 'หนองแรต'),
('940911', 'ปิยามุมัง'),
('940912', 'ปุลากง'),
('940913', 'บาโลย'),
('940914', 'สาบัน'),
('940915', 'มะนังยง'),
('940916', 'ราตาปันยัง'),
('940917', 'จะรัง'),
('940918', 'แหลมโพธิ์'),
('941001', 'ยะรัง'),
('941002', 'สะดาวา'),
('941003', 'ประจัน'),
('941004', 'สะนอ'),
('941005', 'ระแว้ง'),
('941006', 'ปิตูมุดี'),
('941007', 'วัด'),
('941008', 'กระโด'),
('941009', 'คลองใหม่'),
('941010', 'เมาะมาวี'),
('941011', 'กอลำ'),
('941012', 'เขาตูม'),
('941101', 'กะรุบี'),
('941102', 'ตะโละดือรามัน'),
('941103', 'ปล่องหอย'),
('941201', 'แม่ลาน'),
('941202', 'ม่วงเตี้ย'),
('941203', 'ป่าไร่'),
('950102', 'บุดี (เทศบาลตำบลบุดี)'),
('950103', 'ยุโป'),
('950104', 'ลิดล'),
('950106', 'ยะลา'),
('950108', 'ท่าสาป'),
('950109', 'ลำใหม่'),
('950110', 'หน้าถ้ำ'),
('950111', 'ลำพะยา'),
('950112', 'เปาะเส้ง'),
('950114', 'พร่อน'),
('950115', 'บันนังสาเรง'),
('950118', 'ตาเซะ'),
('950202', 'ยะรม'),
('950203', 'ตาเนาะแมเราะ'),
('950204', 'อัยเยอร์เวง'),
('950205', 'ธารน้ำทิพย์'),
('950301', 'บันนังสตา'),
('950302', 'บาเจาะ'),
('950303', 'ตาเนาะปูเต๊ะ'),
('950304', 'ถ้ำทะลุ'),
('950305', 'ตลิ่งชัน'),
('950306', 'เขื่อนบางลาง (เทศบาลตำบลเขื่อนบางลาง)'),
('950401', 'ธารโต'),
('950402', 'บ้านแหร'),
('950403', 'แม่หวาด'),
('950404', 'คีรีเขต'),
('950501', 'ยะหา'),
('950502', 'ละแอ'),
('950503', 'ปะแต'),
('950504', 'บาโร๊ะ'),
('950506', 'ตาชี'),
('950507', 'บาโงยซิแน'),
('950508', 'กาตอง'),
('950601', 'กายูบอเกาะ '),
('950602', 'กาลูปัง'),
('950603', 'กาลอ'),
('950604', 'กอตอตือร๊ะ'),
('950606', 'เกะรอ'),
('950607', 'จะกว๊ะ'),
('950608', 'ท่าธง'),
('950609', 'เนินงาม'),
('950610', 'บาลอ'),
('950611', 'บาโงย'),
('950612', 'บือมัง'),
('950613', 'ยะต๊ะ'),
('950614', 'วังพญา'),
('950615', 'อาซ่อง'),
('950616', 'ตะโล๊ะหะลอ'),
('950701', 'กาบัง'),
('950702', 'บาละ'),
('950801', 'กรงปินัง'),
('950802', 'สะเอะ'),
('950803', 'ห้วยกระทิง'),
('950804', 'ปุโรง'),
('960102', 'ลำภู'),
('960103', 'มะนังตายอ'),
('960104', 'บางปอ'),
('960105', 'กะลุวอ'),
('960106', 'กะลุวอเหนือ'),
('960107', 'โคกเคียน'),
('960201', 'เจ๊ะเห'),
('960202', 'ไพรวัน'),
('960203', 'พร่อน'),
('960204', 'ศาลาใหม่'),
('960205', 'บางขุนทอง'),
('960206', 'เกาะสะท้อน'),
('960207', 'นานาค'),
('960208', 'โฆษิต'),
('960301', 'บาเจาะ'),
('960302', 'ลุโบะสาวอ'),
('960303', 'กาเยาะมาตี'),
('960304', 'ปะลุกาสาเมาะ'),
('960305', 'บาเระเหนือ'),
('960306', 'บาเระใต้'),
('960401', 'ยี่งอ'),
('960402', 'ละหาร'),
('960403', 'จอเบาะ'),
('960404', 'ลุโบะบายะ'),
('960405', 'ลุโบะบือซา'),
('960406', 'ตะปอเยาะ'),
('960501', 'ตันหยงมัส'),
('960502', 'ตันหยงลิมอ'),
('960506', 'บองอ'),
('960507', 'กาลิซา'),
('960508', 'บาโงสะโต'),
('960509', 'เฉลิม'),
('960510', 'มะรือโบตก'),
('960601', 'รือเสาะ'),
('960602', 'สาวอ'),
('960603', 'เรียง'),
('960604', 'สามัคคี'),
('960605', 'บาตง'),
('960606', 'ลาโละ'),
('960607', 'รือเสาะออก'),
('960608', 'โคกสะตอ'),
('960609', 'สุวารี'),
('960701', 'ซากอ'),
('960702', 'ตะมะยูง'),
('960703', 'ศรีสาคร'),
('960704', 'เชิงคีรี'),
('960705', 'กาหลง'),
('960706', 'ศรีบรรพต'),
('960801', 'แว้ง'),
('960802', 'กายูคละ'),
('960803', 'ฆอเลาะ'),
('960804', 'โละจูด'),
('960805', 'แม่ดง'),
('960806', 'เอราวัณ'),
('960901', 'มาโมง'),
('960902', 'สุคิริน'),
('960903', 'เกียร์'),
('960904', 'ภูเขาทอง'),
('960905', 'ร่มไทร'),
('961002', 'ปาเสมัส'),
('961003', 'มูโนะ'),
('961004', 'ปูโยะ'),
('961101', 'ปะลุรู'),
('961102', 'สุไหงปาดี'),
('961103', 'โต๊ะเด็ง'),
('961104', 'สากอ'),
('961105', 'ริโก๋'),
('961106', 'กาวะ'),
('961201', 'จะแนะ'),
('961202', 'ดุซงญอ'),
('961203', 'ผดุงมาตร'),
('961204', 'ช้างเผือก'),
('961301', 'จวบ'),
('961302', 'บูกิต'),
('961303', 'มะรือโบออก');

-- --------------------------------------------------------

--
-- โครงสร้างตาราง `tb_titlename`
--

CREATE TABLE IF NOT EXISTS `tb_titlename` (
  `titlename_id` char(2) NOT NULL,
  `titlename` varchar(30) NOT NULL,
  PRIMARY KEY  (`titlename_id`),
  UNIQUE KEY `titlename_UNIQUE` (`titlename`)
) ENGINE=InnoDB DEFAULT CHARSET=utf8 COMMENT='คำนำหน้าชื่อ';

--
-- dump ตาราง `tb_titlename`
--

INSERT INTO `tb_titlename` (`titlename_id`, `titlename`) VALUES
('02', 'นาง'),
('03', 'นางสาว'),
('01', 'นาย');

-- --------------------------------------------------------

--
-- โครงสร้างตาราง `tb_user`
--

CREATE TABLE IF NOT EXISTS `tb_user` (
  `username` varchar(15) NOT NULL,
  `password` varchar(32) NOT NULL,
  `email` varchar(128) NOT NULL,
  `regis_on` datetime NOT NULL COMMENT 'วันที่สมัคร',
  `regis_ip` varchar(15) NOT NULL COMMENT 'ip ที่ใช้สมัคร \nvarchar(39) เพราะรองรับ ipv6',
  `tb_usergroup_id` char(2) NOT NULL,
  `tb_titlename_id` char(2) NOT NULL,
  `firstname` varchar(40) NOT NULL,
  `lastname` varchar(40) NOT NULL,
  `tb_occupation_id` char(3) NOT NULL,
  `phone` varchar(10) NOT NULL COMMENT 'มือถือ 10 หลัก\nบ้าน 9 หลัก',
  `house_no` varchar(10) NOT NULL COMMENT 'บ้านเลขที่',
  `village_no` varchar(2) default NULL COMMENT 'หมู่ที่',
  `alley` varchar(30) default NULL COMMENT 'ตรอก/ซอย\nLane / Alley',
  `road` varchar(25) default NULL COMMENT 'ถนน',
  `tb_province_id` char(2) NOT NULL COMMENT 'จังหวัด',
  `tb_district_id` char(4) NOT NULL COMMENT 'อำเภอ/เขต',
  `tb_subdistrict_id` char(6) NOT NULL COMMENT 'ตำบล/แขวง',
  `user_status` tinyint(1) NOT NULL default '1' COMMENT 'สถานะของ user เปลี่ยนได้โดย admin\nactive,suspend\n!=0 =true',
  PRIMARY KEY  (`username`),
  KEY `fk_tb_user_tb_titlename_idx` (`tb_titlename_id`),
  KEY `fk_tb_user_tb_usergroup1_idx` (`tb_usergroup_id`),
  KEY `fk_tb_user_tb_province1_idx` (`tb_province_id`),
  KEY `fk_tb_user_tb_amphur1_idx` (`tb_district_id`),
  KEY `fk_tb_user_tb_tambon1_idx` (`tb_subdistrict_id`),
  KEY `fk_tb_user_tb_occupation1_idx` (`tb_occupation_id`)
) ENGINE=InnoDB DEFAULT CHARSET=utf8 COMMENT='ข้อมูลผู้ใช้ระบบ';

--
-- dump ตาราง `tb_user`
--

INSERT INTO `tb_user` (`username`, `password`, `email`, `regis_on`, `regis_ip`, `tb_usergroup_id`, `tb_titlename_id`, `firstname`, `lastname`, `tb_occupation_id`, `phone`, `house_no`, `village_no`, `alley`, `road`, `tb_province_id`, `tb_district_id`, `tb_subdistrict_id`, `user_status`) VALUES
('02', 'e10adc3949ba59abbe56e057f20f883e', 'test@email.com', '2013-12-06 23:18:02', '127.0.0.1', '02', '01', 'tuchapon', 'rittavee', '03', '0881515680', '87/3', '1', NULL, NULL, '73', '7303', '730319', 1),
('03', 'e10adc3949ba59abbe56e057f20f883e', 'test@email.com', '2013-12-06 23:18:02', '127.0.0.1', '03', '01', 'tuchapon', 'rittavee', '03', '0881515680', '87/3', '1', NULL, NULL, '73', '7303', '730319', 1),
('04', 'e10adc3949ba59abbe56e057f20f883e', 'test@email.com', '2013-12-06 23:18:02', '127.0.0.1', '04', '01', 'tuchapon', 'rittavee', '03', '0881515680', '87/3', '1', NULL, NULL, '73', '7303', '730319', 1),
('admin', '7f94f5ba534498bd9160ba0175b482d6', 'tuchapon33@hotmail.com', '2014-01-14 23:19:00', '127.0.0.1', '01', '02', 'admin', 'admin', '00', '0881515680', '87/3', '2', NULL, NULL, '73', '7303', '730319', 1),
('qqqqq', 'e10adc3949ba59abbe56e057f20f883e', 'test@test.com', '2014-01-08 00:18:18', '127.0.0.1', '04', '02', 'test', 'wow', '04', '0888888888', '88', '8', NULL, NULL, '23', '2307', '230701', 1),
('tuchapon', 'e10adc3949ba59abbe56e057f20f883e', 'test@email.com', '2013-12-06 23:18:02', '127.0.0.1', '03', '01', 'tuchapon', 'rittavee', '03', '0881515680', '87/3', '1', NULL, NULL, '73', '7303', '730319', 1);

--
-- ทริกเกอร์ `tb_user`
--
DROP TRIGGER IF EXISTS `add_user_has_privilege`;
DELIMITER //
CREATE TRIGGER `add_user_has_privilege` AFTER INSERT ON `tb_user`
 FOR EACH ROW BEGIN
	DECLARE done INT DEFAULT FALSE;
    DECLARE group_id CHAR(2);
    DECLARE p_id CHAR(2);
    DECLARE cur CURSOR FOR SELECT tb_privilege_id FROM tb_usergroup_has_privilege WHERE tb_usergroup_id = NEW.tb_usergroup_id;
    DECLARE CONTINUE HANDLER FOR NOT FOUND SET done = TRUE;

	IF((SELECT COUNT(tb_user_username) FROM tb_user_has_privilege WHERE tb_user_username = NEW.username) > 0) THEN
		DELETE FROM tb_user_has_privilege WHERE tb_user_username = NEW.username;	
	END IF;
	 OPEN cur;
        ins_loop: LOOP
            FETCH cur INTO p_id;
            IF done THEN
                LEAVE ins_loop;
            END IF;
            INSERT INTO tb_user_has_privilege(tb_privilege_id,tb_user_username) VALUES (p_id,NEW.username);
        END LOOP;
    CLOSE cur;
END
//
DELIMITER ;

-- --------------------------------------------------------

--
-- โครงสร้างตาราง `tb_usergroup`
--

CREATE TABLE IF NOT EXISTS `tb_usergroup` (
  `usergroup_id` char(2) NOT NULL,
  `group_name` varchar(30) NOT NULL,
  PRIMARY KEY  (`usergroup_id`)
) ENGINE=InnoDB DEFAULT CHARSET=utf8;

--
-- dump ตาราง `tb_usergroup`
--

INSERT INTO `tb_usergroup` (`usergroup_id`, `group_name`) VALUES
('01', 'ผู้ดูแลระบบ'),
('02', 'ผู้บริหาร'),
('03', 'เจ้าหน้าที่'),
('04', 'ผู้ใช้บริการ');

-- --------------------------------------------------------

--
-- โครงสร้างตาราง `tb_usergroup_has_privilege`
--

CREATE TABLE IF NOT EXISTS `tb_usergroup_has_privilege` (
  `tb_usergroup_id` char(2) NOT NULL,
  `tb_privilege_id` char(2) NOT NULL,
  PRIMARY KEY  (`tb_usergroup_id`,`tb_privilege_id`),
  KEY `fk_tb_usergroup_has_privilege_tb_usergroup_idx` (`tb_usergroup_id`),
  KEY `fk_tb_usergroup_has_privilege_tb_privilege_type1_idx` (`tb_privilege_id`)
) ENGINE=InnoDB DEFAULT CHARSET=utf8 COMMENT='กำหนด default ของสิทธิ์แต่ละ usergroup';

--
-- dump ตาราง `tb_usergroup_has_privilege`
--

INSERT INTO `tb_usergroup_has_privilege` (`tb_usergroup_id`, `tb_privilege_id`) VALUES
('01', '05'),
('01', '06'),
('02', '01'),
('02', '03'),
('02', '04'),
('03', '01'),
('03', '02'),
('03', '03'),
('04', '07');

-- --------------------------------------------------------

--
-- โครงสร้างตาราง `tb_user_has_privilege`
--

CREATE TABLE IF NOT EXISTS `tb_user_has_privilege` (
  `tb_privilege_id` char(2) NOT NULL,
  `tb_user_username` varchar(15) NOT NULL,
  PRIMARY KEY  (`tb_privilege_id`,`tb_user_username`),
  KEY `fk_user_has_privilege_privilege_type1_idx` (`tb_privilege_id`),
  KEY `fk_user_has_privilege_tb_user1_idx` (`tb_user_username`)
) ENGINE=InnoDB DEFAULT CHARSET=utf8;

--
-- dump ตาราง `tb_user_has_privilege`
--

INSERT INTO `tb_user_has_privilege` (`tb_privilege_id`, `tb_user_username`) VALUES
('01', 'admin'),
('02', 'admin'),
('03', 'admin'),
('04', 'admin'),
('05', 'admin'),
('06', 'admin'),
('07', '04'),
('07', 'admin');

--
-- Constraints for dumped tables
--

--
-- Constraints for table `tb_article`
--
ALTER TABLE `tb_article`
  ADD CONSTRAINT `fk_tb_article_tb_article_type1` FOREIGN KEY (`tb_article_type_id`) REFERENCES `tb_article_type` (`article_type_id`) ON DELETE NO ACTION ON UPDATE NO ACTION;

--
-- Constraints for table `tb_auth_log`
--
ALTER TABLE `tb_auth_log`
  ADD CONSTRAINT `fk_tb_auth_log_tb_user1` FOREIGN KEY (`tb_user_username`) REFERENCES `tb_user` (`username`) ON DELETE NO ACTION ON UPDATE NO ACTION;

--
-- Constraints for table `tb_condition`
--
ALTER TABLE `tb_condition`
  ADD CONSTRAINT `fk_tb_condition_tb_user1` FOREIGN KEY (`last_modified_by`) REFERENCES `tb_user` (`username`) ON DELETE NO ACTION ON UPDATE NO ACTION;

--
-- Constraints for table `tb_person`
--
ALTER TABLE `tb_person`
  ADD CONSTRAINT `fk_tb_person_tb_person_type1` FOREIGN KEY (`tb_person_type_id`) REFERENCES `tb_person_type` (`person_type_id`) ON DELETE NO ACTION ON UPDATE NO ACTION;

--
-- Constraints for table `tb_privilege_assign`
--
ALTER TABLE `tb_privilege_assign`
  ADD CONSTRAINT `fk_tb_privilege_assign_privilege_type1` FOREIGN KEY (`tb_privilege_id`) REFERENCES `tb_privilege` (`privilege_id`) ON DELETE NO ACTION ON UPDATE NO ACTION,
  ADD CONSTRAINT `fk_tb_privilege_assign_tb_user1` FOREIGN KEY (`assign_from`) REFERENCES `tb_user` (`username`) ON DELETE NO ACTION ON UPDATE NO ACTION,
  ADD CONSTRAINT `fk_tb_privilege_assign_tb_user2` FOREIGN KEY (`assign_to`) REFERENCES `tb_user` (`username`) ON DELETE NO ACTION ON UPDATE NO ACTION;

--
-- Constraints for table `tb_reserve`
--
ALTER TABLE `tb_reserve`
  ADD CONSTRAINT `fk_tb_reserve_tb_user1` FOREIGN KEY (`approve_by`) REFERENCES `tb_user` (`username`) ON DELETE NO ACTION ON UPDATE NO ACTION,
  ADD CONSTRAINT `fk_tb_reserv_tb_room1` FOREIGN KEY (`tb_room_id`) REFERENCES `tb_room` (`room_id`) ON DELETE NO ACTION ON UPDATE NO ACTION,
  ADD CONSTRAINT `fk_tb_reserv_tb_user1` FOREIGN KEY (`tb_user_username`) REFERENCES `tb_user` (`username`) ON DELETE NO ACTION ON UPDATE NO ACTION;

--
-- Constraints for table `tb_reserve_has_article`
--
ALTER TABLE `tb_reserve_has_article`
  ADD CONSTRAINT `fk_tb_reserv_has_tb_article_tb_article1` FOREIGN KEY (`tb_article_id`) REFERENCES `tb_article` (`article_id`) ON DELETE NO ACTION ON UPDATE NO ACTION,
  ADD CONSTRAINT `fk_tb_reserv_has_tb_article_tb_reserv1` FOREIGN KEY (`tb_reserve_id`) REFERENCES `tb_reserve` (`reserve_id`) ON DELETE NO ACTION ON UPDATE NO ACTION;

--
-- Constraints for table `tb_reserve_has_datetime`
--
ALTER TABLE `tb_reserve_has_datetime`
  ADD CONSTRAINT `fk_reserve_has_datetime_tb_reserve1` FOREIGN KEY (`tb_reserve_id`) REFERENCES `tb_reserve` (`reserve_id`) ON DELETE NO ACTION ON UPDATE NO ACTION;

--
-- Constraints for table `tb_reserve_has_file`
--
ALTER TABLE `tb_reserve_has_file`
  ADD CONSTRAINT `fk_tb_reserv_has_tb_file_tb_reserv1` FOREIGN KEY (`tb_reserve_id`) REFERENCES `tb_reserve` (`reserve_id`) ON DELETE NO ACTION ON UPDATE NO ACTION;

--
-- Constraints for table `tb_reserve_has_person`
--
ALTER TABLE `tb_reserve_has_person`
  ADD CONSTRAINT `fk_tb_reserve_has_person_tb_department` FOREIGN KEY (`tb_department_id`) REFERENCES `tb_department` (`department_id`) ON DELETE NO ACTION ON UPDATE NO ACTION,
  ADD CONSTRAINT `fk_tb_reserve_has_person_tb_faculty` FOREIGN KEY (`tb_faculty_id`) REFERENCES `tb_faculty` (`faculty_id`) ON DELETE NO ACTION ON UPDATE NO ACTION,
  ADD CONSTRAINT `fk_tb_reserve_has_person_tb_job_position` FOREIGN KEY (`tb_job_position_id`) REFERENCES `tb_job_position` (`job_position_id`) ON DELETE NO ACTION ON UPDATE NO ACTION,
  ADD CONSTRAINT `fk_tb_reserve_has_person_tb_office` FOREIGN KEY (`tb_office_id`) REFERENCES `tb_office` (`office_id`) ON DELETE NO ACTION ON UPDATE NO ACTION,
  ADD CONSTRAINT `fk_tb_reserve_has_person_tb_person1` FOREIGN KEY (`tb_person_id`) REFERENCES `tb_person` (`person_id`) ON DELETE NO ACTION ON UPDATE NO ACTION,
  ADD CONSTRAINT `fk_tb_reserve_has_person_tb_reserve1` FOREIGN KEY (`tb_reserve_id`) REFERENCES `tb_reserve` (`reserve_id`) ON DELETE NO ACTION ON UPDATE NO ACTION;

--
-- Constraints for table `tb_room`
--
ALTER TABLE `tb_room`
  ADD CONSTRAINT `fk_tb_room_tb_fee_type1` FOREIGN KEY (`tb_fee_type_id`) REFERENCES `tb_fee_type` (`fee_type_id`) ON DELETE NO ACTION ON UPDATE NO ACTION,
  ADD CONSTRAINT `fk_tb_room_tb_room_type1` FOREIGN KEY (`tb_room_type_id`) REFERENCES `tb_room_type` (`room_type_id`) ON DELETE NO ACTION ON UPDATE NO ACTION;

--
-- Constraints for table `tb_room_has_article`
--
ALTER TABLE `tb_room_has_article`
  ADD CONSTRAINT `fk_tb_room_has_article_tb_article1` FOREIGN KEY (`tb_article_id`) REFERENCES `tb_article` (`article_id`) ON DELETE NO ACTION ON UPDATE NO ACTION,
  ADD CONSTRAINT `fk_tb_room_has_article_tb_fee_type1` FOREIGN KEY (`tb_fee_type_id`) REFERENCES `tb_fee_type` (`fee_type_id`) ON DELETE NO ACTION ON UPDATE NO ACTION,
  ADD CONSTRAINT `fk_tb_room_has_article_tb_room` FOREIGN KEY (`tb_room_id`) REFERENCES `tb_room` (`room_id`) ON DELETE NO ACTION ON UPDATE NO ACTION;

--
-- Constraints for table `tb_room_has_pic`
--
ALTER TABLE `tb_room_has_pic`
  ADD CONSTRAINT `fk_tb_room_has_pic_tb_room1` FOREIGN KEY (`tb_room_id`) REFERENCES `tb_room` (`room_id`) ON DELETE NO ACTION ON UPDATE NO ACTION;

--
-- Constraints for table `tb_user`
--
ALTER TABLE `tb_user`
  ADD CONSTRAINT `fk_tb_user_tb_amphur1` FOREIGN KEY (`tb_district_id`) REFERENCES `tb_district` (`district_id`) ON DELETE NO ACTION ON UPDATE NO ACTION,
  ADD CONSTRAINT `fk_tb_user_tb_occupation` FOREIGN KEY (`tb_occupation_id`) REFERENCES `tb_occupation` (`occupation_id`) ON DELETE NO ACTION ON UPDATE NO ACTION,
  ADD CONSTRAINT `fk_tb_user_tb_province1` FOREIGN KEY (`tb_province_id`) REFERENCES `tb_province` (`province_id`) ON DELETE NO ACTION ON UPDATE NO ACTION,
  ADD CONSTRAINT `fk_tb_user_tb_tambon1` FOREIGN KEY (`tb_subdistrict_id`) REFERENCES `tb_subdistrict` (`subdistrict_id`) ON DELETE NO ACTION ON UPDATE NO ACTION,
  ADD CONSTRAINT `fk_tb_user_tb_titlename` FOREIGN KEY (`tb_titlename_id`) REFERENCES `tb_titlename` (`titlename_id`) ON DELETE NO ACTION ON UPDATE NO ACTION,
  ADD CONSTRAINT `fk_tb_user_tb_usergroup1` FOREIGN KEY (`tb_usergroup_id`) REFERENCES `tb_usergroup` (`usergroup_id`) ON DELETE NO ACTION ON UPDATE NO ACTION;

--
-- Constraints for table `tb_usergroup_has_privilege`
--
ALTER TABLE `tb_usergroup_has_privilege`
  ADD CONSTRAINT `fk_tb_usergroup_has_privilege_tb_privilege_type1` FOREIGN KEY (`tb_privilege_id`) REFERENCES `tb_privilege` (`privilege_id`) ON DELETE NO ACTION ON UPDATE NO ACTION,
  ADD CONSTRAINT `fk_tb_usergroup_has_privilege_tb_usergroup` FOREIGN KEY (`tb_usergroup_id`) REFERENCES `tb_usergroup` (`usergroup_id`) ON DELETE NO ACTION ON UPDATE NO ACTION;

--
-- Constraints for table `tb_user_has_privilege`
--
ALTER TABLE `tb_user_has_privilege`
  ADD CONSTRAINT `fk_user_has_privilege_privilege_type1` FOREIGN KEY (`tb_privilege_id`) REFERENCES `tb_privilege` (`privilege_id`) ON DELETE NO ACTION ON UPDATE NO ACTION,
  ADD CONSTRAINT `fk_user_has_privilege_tb_user1` FOREIGN KEY (`tb_user_username`) REFERENCES `tb_user` (`username`) ON DELETE NO ACTION ON UPDATE NO ACTION;

/*!40101 SET CHARACTER_SET_CLIENT=@OLD_CHARACTER_SET_CLIENT */;
/*!40101 SET CHARACTER_SET_RESULTS=@OLD_CHARACTER_SET_RESULTS */;
/*!40101 SET COLLATION_CONNECTION=@OLD_COLLATION_CONNECTION */;
